id_prodotto,id_persona,costo,data_acquisto
84,739,8,2023-03-20
41,144,2,2023-02-12
13,843,16,2023-03-01
62,672,81,2022-03-01
64,819,90,2022-12-07
3,886,85,2023-03-25
28,972,57,2022-07-07
35,305,8,2023-03-12
73,269,36,2022-05-18
5,584,28,2023-03-31
4,436,70,2022-03-18
8,126,59,2022-04-05
18,467,92,2022-12-05
60,649,24,2022-07-21
98,493,77,2023-03-11
15,751,64,2022-05-06
10,553,87,2022-12-16
5,838,56,2022-06-26
42,791,48,2022-03-13
46,782,68,2023-04-06
3,89,54,2022-12-18
91,62,88,2023-03-07
62,470,88,2022-12-23
35,996,50,2022-01-27
58,834,4,2023-02-03
66,592,76,2023-04-01
52,439,68,2023-01-05
33,903,59,2022-02-22
58,283,80,2023-03-10
63,218,58,2022-05-24
29,536,71,2022-05-26
4,517,63,2023-04-16
59,928,50,2023-04-15
54,472,78,2022-08-17
97,228,85,2023-04-16
56,406,45,2022-12-31
15,660,9,2022-11-22
48,248,37,2022-10-24
73,260,100,2022-01-20
54,633,90,2022-06-16
51,167,91,2022-10-27
58,435,55,2023-01-18
36,255,58,2023-03-27
73,700,62,2023-03-27
52,20,43,2022-06-06
46,442,88,2023-03-15
24,52,82,2022-10-06
26,788,95,2022-03-14
45,466,15,2022-10-02
28,267,7,2022-01-08
33,442,80,2023-04-12
50,145,84,2022-07-31
55,687,62,2022-09-14
40,722,16,2022-09-11
38,243,5,2022-12-02
81,263,87,2022-07-29
70,130,46,2022-02-02
91,679,53,2022-02-27
81,554,43,2022-09-04
56,379,100,2022-05-29
33,323,5,2022-05-03
80,850,42,2022-12-04
47,343,45,2023-03-22
46,375,92,2022-02-24
53,772,42,2022-04-14
38,329,68,2022-11-09
84,511,34,2022-09-07
63,128,70,2022-01-09
48,35,60,2022-10-14
40,294,52,2023-02-11
14,732,54,2022-11-05
96,860,2,2022-07-22
41,696,15,2022-12-23
68,996,44,2022-05-26
10,281,80,2023-04-02
16,992,67,2023-01-25
90,457,46,2022-08-14
6,485,1,2022-01-24
13,933,44,2023-03-14
33,817,32,2023-03-25
10,245,99,2022-07-09
3,330,11,2022-07-06
2,976,91,2022-07-31
19,253,28,2022-05-15
19,984,46,2022-06-04
86,377,91,2023-03-25
48,16,51,2022-09-20
36,643,20,2022-05-10
92,342,63,2022-01-19
1,418,16,2022-10-25
36,573,1,2022-12-22
51,580,71,2022-04-04
85,777,39,2022-06-11
7,174,16,2023-03-11
41,705,67,2023-02-13
74,407,96,2022-08-28
30,494,4,2023-02-22
22,793,96,2022-12-10
4,668,75,2022-03-11
7,6,19,2022-04-05
60,404,60,2022-04-15
15,492,22,2023-04-13
14,682,49,2023-01-29
69,785,41,2022-01-14
77,251,21,2022-04-20
88,440,98,2022-11-17
87,450,6,2022-09-27
47,649,45,2022-10-15
43,626,9,2022-01-09
90,387,92,2022-05-02
84,10,32,2022-07-17
2,518,29,2022-08-03
61,27,91,2022-02-17
87,169,7,2022-04-25
31,758,40,2022-09-12
13,715,29,2023-02-18
97,53,7,2022-06-17
37,499,89,2022-04-12
95,307,76,2023-01-22
3,927,38,2022-07-18
79,600,32,2023-02-20
94,192,24,2023-03-08
9,542,49,2022-05-17
90,168,36,2022-07-22
44,24,55,2022-09-22
36,530,62,2022-12-29
65,234,30,2023-02-13
91,767,45,2023-02-12
26,202,86,2022-05-30
60,831,74,2022-12-10
45,283,80,2022-10-20
64,954,46,2022-09-22
90,196,80,2023-03-11
10,223,61,2022-11-16
70,508,11,2023-03-18
26,911,90,2022-11-13
49,463,70,2022-10-18
6,885,25,2023-03-21
84,1000,34,2022-02-15
55,445,55,2022-11-23
73,569,94,2023-03-23
13,708,30,2022-11-17
98,254,74,2022-09-12
53,595,3,2023-03-13
66,191,98,2023-02-24
56,969,5,2023-04-15
97,565,55,2023-04-14
69,164,67,2022-08-15
18,161,59,2022-09-14
32,819,84,2022-12-15
44,602,6,2022-09-05
4,35,63,2022-12-30
96,251,75,2022-03-11
20,172,2,2022-02-24
19,765,43,2022-09-10
20,464,60,2022-02-08
20,191,51,2022-01-31
93,455,78,2022-01-22
53,629,2,2023-03-03
60,855,9,2022-03-22
26,91,11,2022-06-02
81,128,2,2022-07-02
25,216,61,2022-02-24
85,18,19,2022-03-27
83,926,92,2023-04-09
5,617,91,2023-01-18
66,506,63,2023-03-02
77,449,51,2023-04-01
18,973,71,2022-12-31
95,765,44,2022-09-18
1,11,96,2022-01-14
100,396,61,2022-07-22
20,2,57,2022-10-26
16,59,5,2022-08-16
17,130,28,2023-04-15
88,973,41,2023-03-11
57,754,16,2022-01-18
52,332,36,2022-08-28
79,889,29,2022-08-06
1,135,64,2022-11-25
51,626,62,2022-11-18
88,677,47,2023-01-28
53,137,37,2022-01-07
13,100,3,2022-03-26
2,115,55,2022-02-20
14,9,61,2022-12-05
33,544,87,2022-02-15
24,852,38,2022-03-15
20,359,52,2022-06-02
76,840,55,2023-03-06
85,69,63,2023-02-09
64,207,19,2022-01-07
14,599,21,2022-04-04
73,835,11,2022-06-15
12,246,27,2023-03-31
10,288,69,2022-04-24
84,456,25,2023-03-21
35,24,28,2022-03-30
44,431,18,2022-09-04
91,223,34,2022-06-07
44,79,10,2022-05-27
31,469,94,2022-02-14
78,561,98,2022-05-27
58,83,57,2022-06-04
4,209,39,2023-03-25
19,531,78,2022-01-30
22,189,61,2022-08-28
88,803,90,2022-09-08
9,235,69,2022-07-07
47,808,58,2022-02-13
70,714,46,2022-01-05
78,515,86,2023-04-15
94,424,88,2022-05-31
36,897,14,2022-01-04
54,90,43,2022-07-07
8,383,44,2022-07-20
99,699,42,2022-07-10
65,516,33,2022-05-04
2,102,32,2022-02-27
32,969,82,2023-01-16
85,110,85,2022-04-30
46,60,78,2023-02-02
23,614,86,2022-02-21
44,157,15,2022-06-17
36,38,52,2022-11-13
63,228,70,2023-04-15
19,864,85,2022-10-19
60,81,15,2022-03-17
96,640,67,2022-02-03
64,152,55,2023-01-16
90,225,58,2023-03-20
99,986,44,2022-05-20
84,988,85,2022-12-21
55,716,62,2023-02-12
58,176,35,2023-03-19
75,585,13,2023-01-05
33,183,70,2022-01-01
94,910,61,2022-12-05
1,238,61,2022-09-21
89,325,81,2022-01-01
73,777,25,2022-01-31
73,798,53,2022-01-17
96,878,78,2022-10-13
83,231,55,2022-08-27
19,894,45,2022-10-19
82,416,82,2023-02-09
53,884,36,2022-05-28
1,701,50,2023-03-31
44,361,69,2022-08-17
44,922,98,2022-10-08
40,201,44,2022-10-24
97,697,97,2022-09-28
59,793,48,2022-05-21
94,46,62,2023-04-16
15,119,99,2022-08-10
34,629,35,2022-04-01
36,874,17,2022-01-07
97,861,75,2022-03-22
29,894,67,2022-12-18
4,244,23,2023-02-12
70,52,86,2023-04-20
82,300,67,2022-09-28
76,166,100,2022-10-16
56,284,35,2022-10-30
65,198,98,2023-01-16
9,74,70,2022-04-01
81,392,78,2023-03-08
43,161,95,2022-05-25
75,411,8,2022-04-30
94,86,36,2022-06-26
40,763,4,2022-08-05
56,660,36,2022-05-09
9,381,52,2023-01-19
93,537,57,2022-11-06
37,763,57,2022-03-05
59,510,27,2022-08-12
61,755,8,2022-05-23
32,229,85,2022-06-05
64,286,98,2023-02-24
28,169,37,2022-10-29
25,875,24,2023-01-03
84,836,19,2022-06-07
10,269,48,2022-06-10
58,810,9,2022-09-01
80,348,32,2022-03-27
63,57,64,2022-11-06
56,517,86,2022-09-14
50,477,83,2022-05-23
16,26,40,2022-11-05
79,579,19,2023-02-28
3,801,4,2023-01-22
58,912,7,2022-07-17
54,839,66,2022-03-20
30,447,69,2022-04-07
15,189,34,2022-11-22
28,361,92,2022-10-21
93,662,51,2023-02-25
59,675,54,2023-02-03
58,240,70,2022-10-16
59,898,41,2022-03-26
99,151,42,2023-01-02
43,615,68,2022-11-08
44,868,85,2022-07-17
27,64,73,2022-06-18
4,99,64,2023-02-25
8,566,100,2022-08-26
72,894,59,2022-09-13
7,637,84,2022-04-21
54,763,74,2022-10-18
10,361,48,2023-02-12
72,384,36,2022-02-27
8,654,17,2023-04-09
88,267,12,2022-06-09
15,275,90,2022-07-13
36,309,61,2022-02-25
2,980,29,2022-08-15
65,306,83,2022-07-12
83,778,66,2022-09-01
33,972,27,2022-05-11
9,293,67,2023-02-05
95,785,89,2022-02-01
83,416,43,2022-08-28
12,222,87,2022-03-29
40,222,20,2022-04-10
76,976,15,2023-01-16
16,924,89,2022-02-20
96,839,57,2023-01-05
73,755,1,2022-03-08
26,686,88,2022-04-17
6,285,61,2023-01-16
80,808,63,2022-04-02
42,318,18,2022-02-13
67,504,70,2023-03-18
10,370,89,2022-05-19
81,64,71,2023-03-19
81,277,96,2023-03-04
53,708,2,2023-04-05
86,553,91,2022-05-29
66,249,4,2022-11-25
17,655,96,2022-12-04
19,735,60,2022-10-20
90,544,14,2022-09-21
37,731,50,2022-08-11
11,205,43,2023-03-30
36,500,21,2023-01-25
91,420,87,2022-05-11
92,155,6,2023-01-16
4,169,65,2022-02-12
46,44,64,2022-04-20
96,693,66,2022-06-15
40,28,97,2022-10-21
24,522,48,2022-11-29
77,326,45,2022-11-02
69,215,77,2023-03-29
31,945,91,2022-02-08
92,339,74,2023-02-28
95,959,96,2022-07-09
29,956,80,2022-03-12
91,212,15,2023-02-11
67,951,48,2022-09-25
84,385,51,2022-02-18
14,979,91,2022-01-16
82,770,69,2022-10-30
10,12,2,2022-12-15
88,291,72,2022-08-14
3,580,26,2022-09-10
52,133,7,2022-06-18
65,113,70,2022-05-20
71,585,38,2022-02-04
44,515,50,2023-01-05
9,128,81,2022-03-14
96,766,27,2023-03-28
89,660,9,2022-03-30
46,523,27,2022-09-24
26,37,97,2022-01-09
70,622,66,2022-03-14
61,576,85,2023-01-29
94,39,9,2022-03-05
33,767,86,2022-04-26
93,51,31,2023-04-09
80,935,34,2022-01-06
1,244,37,2022-08-23
50,711,67,2022-02-25
18,613,40,2023-03-06
79,559,72,2022-09-02
80,192,39,2023-01-05
17,410,27,2023-01-21
36,533,39,2023-01-26
28,683,5,2023-03-14
34,822,14,2022-06-05
66,961,72,2022-03-05
22,826,67,2022-06-07
90,159,77,2022-10-22
98,202,65,2022-01-16
99,47,36,2022-02-28
46,403,97,2023-04-19
50,78,52,2022-11-15
52,198,68,2022-02-01
47,634,37,2022-09-23
89,323,94,2023-02-19
25,232,17,2022-06-16
41,440,15,2022-05-20
35,655,16,2022-12-05
18,754,87,2023-02-03
24,527,27,2022-11-04
85,723,16,2022-07-26
55,585,89,2022-05-02
69,833,58,2022-12-08
4,813,6,2022-08-06
35,432,65,2022-04-13
98,390,20,2022-07-21
2,35,60,2022-01-13
70,121,24,2023-02-18
78,345,38,2022-03-29
20,121,42,2022-05-26
97,712,51,2022-04-27
14,782,6,2023-02-26
6,907,41,2022-11-03
64,410,79,2022-09-27
21,979,9,2022-09-09
18,847,26,2022-10-30
3,231,60,2022-06-09
21,379,61,2022-04-25
78,378,79,2022-05-24
44,321,59,2022-07-21
2,297,66,2022-06-15
15,837,3,2023-01-18
71,379,4,2022-10-30
17,709,27,2022-05-23
21,197,89,2022-08-11
13,3,56,2022-03-25
95,856,50,2022-01-16
20,580,82,2023-01-15
49,849,13,2023-03-26
7,423,63,2022-06-22
17,411,41,2022-01-25
79,370,69,2022-08-02
10,848,59,2022-10-25
77,298,40,2022-12-14
24,50,73,2022-08-08
79,884,59,2022-11-27
52,517,66,2023-01-11
80,673,89,2023-04-01
30,319,79,2022-02-20
100,672,99,2023-04-13
9,947,99,2023-03-14
85,623,2,2023-03-07
44,745,71,2022-03-07
53,603,37,2022-09-19
52,495,34,2022-04-22
48,465,88,2022-08-26
62,318,84,2022-03-07
92,861,5,2022-05-16
52,324,92,2022-01-26
70,944,34,2023-01-20
67,971,3,2022-03-19
39,104,7,2022-11-27
93,672,40,2022-07-13
94,445,17,2022-12-05
50,617,99,2022-02-02
91,454,98,2022-09-10
60,664,9,2022-05-24
3,911,63,2022-06-01
16,937,97,2022-08-27
1,935,35,2023-02-22
15,102,54,2023-03-11
63,609,79,2022-07-13
23,737,9,2022-07-28
63,995,11,2023-03-11
67,712,66,2022-01-22
75,655,27,2022-03-05
84,29,9,2022-09-27
39,860,12,2022-04-01
86,457,14,2022-12-18
76,98,19,2022-11-17
65,660,8,2022-06-13
27,914,22,2022-03-04
66,90,71,2022-01-14
64,369,39,2023-02-07
66,565,85,2022-09-26
19,700,61,2022-10-01
29,586,7,2022-05-30
74,285,96,2022-11-28
99,931,8,2022-02-23
39,906,34,2023-04-18
33,227,58,2022-07-06
32,385,68,2023-02-25
30,388,10,2022-06-24
88,129,65,2023-03-25
55,585,10,2022-01-31
72,459,15,2022-02-23
75,554,38,2022-07-20
81,385,55,2022-03-11
27,598,76,2022-07-05
6,533,86,2022-03-28
71,72,65,2022-10-17
7,258,90,2022-12-14
11,524,52,2023-03-21
21,607,39,2022-12-25
2,537,34,2022-04-29
60,823,30,2022-03-30
65,289,5,2022-11-02
99,956,76,2022-03-17
9,282,20,2022-08-26
83,356,51,2022-10-25
69,445,42,2022-07-20
29,772,96,2022-04-20
71,511,40,2022-12-22
66,421,96,2023-03-08
29,264,25,2022-04-03
86,877,26,2022-01-14
34,136,39,2022-06-20
66,744,4,2022-05-09
44,521,61,2022-07-04
45,793,81,2022-05-01
12,175,31,2022-04-20
93,341,15,2022-07-25
18,236,25,2022-06-07
48,242,86,2022-08-28
23,765,68,2022-05-06
12,751,49,2023-02-17
17,362,37,2022-07-26
39,870,52,2022-04-20
3,269,54,2022-07-22
1,580,61,2022-11-10
63,567,42,2022-07-20
18,288,42,2023-01-19
84,218,98,2022-03-04
69,871,2,2022-04-13
97,374,55,2023-04-13
28,772,26,2022-11-06
57,554,52,2022-12-28
65,86,27,2023-02-28
90,490,37,2022-04-17
73,54,82,2022-02-17
66,695,76,2023-01-26
53,158,23,2022-12-28
38,921,97,2023-02-08
63,450,31,2022-01-23
25,154,63,2022-01-04
59,622,18,2022-10-05
52,206,94,2023-03-03
87,194,94,2022-04-03
85,790,53,2022-10-11
2,448,56,2022-09-14
38,704,94,2023-01-27
58,756,25,2022-06-05
86,402,3,2022-09-07
26,163,93,2022-06-26
61,23,76,2023-02-25
81,349,54,2023-03-11
6,613,40,2023-01-03
60,306,59,2022-12-31
71,622,42,2023-02-17
59,333,22,2022-05-19
26,402,4,2022-05-30
43,339,56,2022-03-21
71,725,5,2022-01-29
11,100,92,2022-10-08
67,679,27,2022-11-08
79,944,77,2022-03-25
25,313,93,2022-05-01
20,470,87,2022-05-04
71,881,86,2022-03-06
39,202,83,2022-06-05
28,964,53,2022-12-25
36,330,57,2022-02-06
80,784,64,2023-03-15
3,793,80,2022-08-08
85,954,7,2022-03-29
19,114,87,2023-03-01
2,465,87,2022-07-17
78,896,20,2023-03-10
57,865,18,2023-02-14
100,161,56,2023-02-18
27,121,20,2022-01-06
26,619,98,2022-09-16
79,920,91,2022-12-05
67,88,88,2022-01-23
52,25,51,2022-06-08
22,552,46,2023-01-28
55,100,27,2022-04-02
12,322,99,2022-09-25
17,750,98,2022-01-03
2,297,71,2022-05-30
73,595,20,2023-03-14
51,300,63,2023-03-15
24,6,85,2022-09-11
8,112,56,2023-01-27
70,867,82,2022-07-31
5,405,55,2022-07-05
7,535,51,2023-02-19
49,263,88,2022-05-07
97,568,99,2022-05-10
60,305,79,2022-07-07
5,557,50,2022-02-07
25,835,13,2022-06-16
47,488,78,2022-02-05
88,482,57,2022-11-26
17,692,90,2023-04-16
80,739,3,2023-01-26
43,637,48,2022-03-08
54,944,7,2022-05-09
16,365,91,2022-01-14
14,752,97,2022-02-11
33,64,24,2022-05-19
94,578,90,2022-08-12
20,738,17,2022-08-21
86,123,100,2022-01-27
32,389,24,2023-03-07
38,778,18,2023-03-18
94,11,42,2022-02-23
30,204,63,2022-04-28
74,275,80,2023-02-12
68,114,20,2022-07-22
49,740,29,2022-09-23
85,635,55,2022-10-06
75,348,11,2022-07-11
62,595,92,2022-03-22
61,257,12,2023-03-16
63,445,42,2022-12-18
98,519,68,2022-09-26
59,585,56,2023-03-17
26,519,98,2022-04-14
4,497,96,2022-06-08
70,506,23,2023-01-21
65,451,21,2022-03-21
16,937,66,2022-09-13
84,291,55,2022-06-09
81,457,11,2022-03-04
27,281,40,2022-10-24
26,197,85,2022-02-12
46,317,88,2022-05-08
87,835,33,2023-02-06
32,629,66,2023-02-23
22,997,37,2023-02-19
11,950,40,2022-01-29
99,757,62,2022-01-26
27,671,56,2022-08-08
15,780,14,2022-03-04
32,610,49,2022-08-11
35,299,41,2023-03-21
78,798,39,2022-03-13
85,507,22,2022-10-29
85,279,73,2022-07-16
25,324,24,2022-03-24
3,894,85,2022-08-09
54,741,89,2022-06-24
32,420,97,2023-02-23
1,277,36,2022-11-14
62,56,26,2022-01-05
32,826,37,2022-05-21
68,720,78,2022-03-20
47,86,100,2022-04-10
12,426,50,2023-01-29
13,272,13,2022-01-12
50,874,68,2022-12-06
77,791,81,2022-03-24
34,258,3,2023-01-30
12,9,56,2022-10-13
74,368,99,2022-11-16
36,687,50,2023-04-03
20,32,84,2023-04-02
89,470,39,2022-04-01
37,244,33,2022-07-19
42,130,66,2023-03-23
91,381,30,2023-04-18
52,993,49,2023-01-05
29,973,21,2022-03-10
98,138,7,2022-09-13
14,146,64,2022-03-25
53,515,80,2022-10-08
4,803,75,2022-04-24
71,110,25,2022-05-03
76,184,41,2023-01-06
46,529,74,2023-01-31
83,330,82,2022-06-28
32,982,19,2022-03-04
99,527,97,2022-09-05
43,245,10,2022-12-10
44,999,36,2023-03-20
16,751,67,2023-03-28
92,828,43,2022-11-30
46,563,62,2022-04-21
57,175,50,2022-03-30
77,404,27,2022-07-24
37,537,26,2022-12-09
98,233,83,2023-03-03
7,334,38,2023-03-13
15,75,34,2023-03-30
65,511,61,2022-01-16
77,161,96,2022-11-07
33,981,59,2022-09-03
95,287,57,2022-08-11
79,627,28,2022-07-27
71,769,28,2022-04-22
100,713,100,2022-01-05
14,936,87,2022-05-15
45,628,66,2022-10-03
3,971,90,2022-08-18
55,54,63,2022-05-13
92,976,59,2022-07-10
70,644,74,2022-12-01
89,812,57,2022-03-29
12,413,20,2022-05-27
68,629,87,2022-06-18
25,433,36,2022-03-26
44,717,6,2022-10-24
30,549,20,2022-03-31
90,43,34,2022-02-17
31,236,83,2022-04-18
36,289,74,2023-03-15
96,997,46,2022-12-12
57,692,2,2022-02-25
81,44,75,2022-01-20
98,929,79,2022-03-11
77,837,37,2022-04-28
69,275,54,2022-12-23
23,172,14,2022-01-11
41,166,98,2022-06-13
6,909,28,2022-03-06
97,221,21,2022-03-26
23,413,69,2022-02-05
82,479,56,2022-09-09
81,812,53,2022-10-08
10,562,71,2022-07-20
49,902,79,2022-12-22
16,299,40,2022-10-15
94,861,49,2022-11-04
52,428,3,2022-08-28
30,25,74,2023-01-09
100,795,37,2022-01-13
53,262,46,2022-08-08
25,322,54,2023-01-31
97,338,53,2023-02-20
29,500,52,2022-11-18
71,58,10,2022-11-27
8,113,26,2022-10-08
47,460,67,2022-05-11
12,964,45,2022-06-05
36,373,70,2022-01-24
8,615,84,2022-09-15
7,378,9,2022-07-12
51,929,41,2022-05-10
36,920,73,2022-01-03
74,448,72,2022-11-15
8,998,30,2022-10-16
86,989,23,2022-10-19
25,628,99,2022-12-03
28,301,50,2023-02-16
70,419,59,2022-09-16
36,904,4,2022-04-30
97,411,23,2023-04-02
18,192,65,2022-04-28
50,729,42,2023-04-08
13,508,18,2022-10-21
82,247,83,2022-11-01
33,611,24,2022-07-26
59,757,55,2022-02-08
72,932,1,2022-08-24
38,747,1,2022-09-29
74,737,82,2022-09-25
3,812,40,2022-10-15
64,823,98,2022-04-05
68,71,74,2022-04-15
81,708,69,2022-08-29
83,58,65,2023-02-13
76,125,13,2023-01-11
7,749,53,2022-11-05
3,9,32,2023-04-04
43,143,18,2022-06-10
99,339,59,2022-05-23
32,271,52,2022-02-06
81,396,69,2022-07-11
18,978,92,2022-11-12
7,645,93,2022-05-01
81,625,95,2022-06-29
53,18,77,2022-06-14
40,691,1,2022-12-31
92,391,41,2022-06-20
5,537,1,2022-02-26
73,409,24,2022-11-30
71,693,28,2022-08-22
38,244,64,2023-02-09
65,640,26,2022-03-01
29,149,58,2022-01-08
54,572,72,2022-08-14
79,243,71,2022-09-13
11,706,31,2022-10-25
64,431,77,2022-05-03
79,295,53,2022-04-16
69,131,36,2022-04-09
54,621,21,2022-07-31
88,187,82,2023-02-08
54,431,99,2023-03-27
67,584,20,2022-10-23
43,577,68,2023-01-21
99,612,7,2022-01-26
41,375,18,2022-04-02
69,826,25,2022-02-21
87,215,32,2022-02-27
75,550,53,2023-02-03
43,766,45,2022-01-19
33,514,42,2022-03-12
95,453,59,2022-02-10
33,4,87,2022-06-07
63,749,21,2022-10-01
93,415,61,2022-06-18
64,875,92,2022-08-03
49,464,18,2022-06-16
69,586,100,2022-05-17
2,741,77,2023-03-24
15,867,39,2022-05-07
84,87,84,2023-03-24
80,116,75,2022-03-21
49,473,36,2023-01-18
34,995,62,2022-03-05
24,812,72,2022-01-15
35,283,63,2023-01-24
32,829,28,2022-06-08
95,792,63,2022-10-30
29,155,40,2022-11-09
86,419,4,2022-06-21
50,576,94,2022-03-29
43,776,63,2022-06-12
63,713,12,2022-10-22
10,255,91,2022-11-14
63,581,92,2022-12-13
27,97,22,2022-02-02
65,100,26,2022-01-08
88,666,10,2023-01-20
71,595,51,2022-05-26
37,485,81,2023-01-25
94,70,1,2022-09-11
49,767,7,2022-10-25
58,715,20,2022-07-16
70,43,19,2023-04-16
51,413,17,2023-03-15
28,883,62,2022-02-17
78,714,77,2022-04-25
55,606,72,2023-02-03
7,498,78,2022-02-08
39,375,27,2022-02-12
61,883,92,2023-04-13
20,399,70,2022-10-13
84,20,96,2022-10-29
78,52,10,2022-04-11
38,267,3,2022-12-11
6,789,35,2022-12-18
41,315,38,2023-02-26
34,502,16,2022-04-14
61,213,29,2022-05-13
75,83,26,2022-03-25
87,388,99,2022-09-07
56,762,96,2022-08-31
35,841,3,2022-12-05
80,815,81,2023-03-07
48,781,44,2022-11-24
96,965,3,2022-11-23
32,779,57,2022-08-26
52,96,25,2023-02-21
53,641,49,2022-02-10
29,845,26,2022-02-26
16,717,32,2022-06-24
36,531,36,2023-02-06
26,434,65,2022-11-01
42,458,41,2022-07-25
30,244,94,2022-09-13
37,180,100,2022-05-06
1,975,32,2022-01-01
64,452,94,2022-11-29
80,326,17,2023-02-21
22,258,70,2022-07-26
84,279,66,2022-08-05
69,630,12,2023-02-25
47,340,11,2023-01-03
11,26,98,2022-04-09
18,488,57,2022-05-19
52,139,17,2022-07-27
15,92,24,2022-05-31
22,269,20,2022-12-20
8,827,15,2022-06-04
88,389,83,2023-03-20
76,977,48,2022-09-01
27,170,54,2023-02-05
27,123,38,2022-01-31
75,473,51,2022-07-30
13,504,27,2022-07-28
92,410,43,2022-07-28
34,187,60,2022-01-14
18,841,83,2022-05-20
49,239,30,2022-01-18
71,359,100,2022-08-15
92,73,9,2022-06-20
23,689,99,2023-04-13
58,626,42,2022-10-06
58,933,79,2022-10-18
8,118,36,2022-02-07
24,677,74,2022-11-01
89,706,55,2022-04-02
70,341,45,2022-09-07
9,605,84,2022-09-05
22,908,14,2022-11-26
11,208,25,2022-12-26
26,537,74,2023-01-19
62,134,6,2022-01-16
85,771,39,2022-08-31
83,305,21,2022-10-14
42,903,36,2022-03-05
29,283,50,2022-10-11
20,799,3,2023-04-05
36,596,17,2022-12-02
4,19,38,2022-05-17
39,726,45,2022-05-09
5,10,78,2022-06-11
76,682,65,2023-02-16
3,957,46,2022-04-27
19,814,64,2022-05-23
81,845,61,2023-02-05
39,76,70,2022-08-29
49,170,28,2022-08-27
36,531,40,2023-01-30
53,445,2,2022-10-02
27,42,55,2022-12-09
15,393,32,2022-11-19
75,894,88,2023-01-27
53,513,18,2022-09-21
73,784,66,2022-03-28
46,263,51,2022-04-27
54,494,13,2022-01-30
26,27,43,2022-10-21
46,200,85,2022-06-16
86,763,78,2022-05-15
68,13,21,2022-08-11
78,791,50,2022-02-26
94,801,73,2022-02-04
87,801,28,2022-02-16
35,124,23,2022-06-19
87,509,8,2022-11-18
74,466,33,2022-01-03
74,762,50,2023-02-27
97,703,27,2023-02-24
30,817,52,2022-12-26
55,772,10,2023-01-12
8,85,56,2022-05-15
94,394,8,2022-02-03
12,226,99,2022-01-06
92,368,31,2022-01-05
19,884,91,2022-02-20
63,14,37,2022-01-29
19,721,89,2022-12-17
18,113,78,2022-04-02
62,465,10,2022-02-26
14,546,69,2022-07-30
75,812,61,2022-10-15
9,784,82,2022-05-21
55,909,53,2022-06-01
71,684,12,2022-12-21
30,403,91,2022-04-04
41,592,30,2023-02-14
40,898,34,2023-03-23
8,663,92,2022-12-03
66,858,92,2022-06-20
81,736,8,2022-04-29
28,887,34,2022-01-29
95,389,44,2023-01-23
25,103,84,2022-02-02
16,957,91,2023-03-13
30,948,74,2022-05-31
27,358,88,2023-04-07
46,278,56,2022-04-20
30,838,9,2022-09-08
12,952,33,2022-09-14
62,500,66,2022-10-17
17,654,32,2023-02-04
74,391,30,2022-12-25
38,275,46,2022-05-22
61,628,51,2022-08-04
87,855,26,2023-02-01
70,96,39,2023-04-11
21,972,66,2022-11-03
18,906,36,2022-05-06
70,163,51,2023-04-04
15,270,17,2022-05-21
95,113,71,2022-07-03
16,295,65,2022-04-14
15,71,66,2022-02-09
75,33,11,2023-03-17
97,560,44,2022-12-25
51,735,26,2022-09-29
70,563,14,2022-03-17
66,101,74,2023-03-03
68,3,41,2023-03-07
63,829,70,2023-03-30
26,408,53,2022-09-21
82,472,12,2022-07-03
89,436,48,2022-04-03
19,962,38,2022-07-22
87,287,3,2022-10-08
37,887,88,2022-10-17
46,298,63,2022-04-29
14,306,39,2023-04-13
39,265,62,2023-01-01
30,888,94,2022-03-06
69,174,31,2022-05-08
7,259,85,2022-12-16
34,221,54,2022-06-11
20,57,96,2022-10-11
47,29,5,2022-03-14
47,44,62,2023-02-26
7,799,64,2022-09-14
44,170,17,2022-08-09
87,827,20,2022-10-01
76,658,45,2023-03-13
27,45,13,2022-07-11
19,615,21,2022-03-07
85,75,12,2022-01-02
34,837,75,2022-04-18
17,479,68,2023-03-01
93,848,5,2022-11-06
36,625,82,2022-07-31
81,646,53,2022-05-07
36,479,65,2022-11-05
83,201,16,2022-07-30
75,909,92,2022-03-08
39,818,92,2023-04-04
88,169,82,2023-01-29
87,881,100,2022-08-16
12,523,32,2022-01-29
93,430,83,2022-10-21
54,214,65,2022-12-17
8,441,17,2023-01-26
35,682,24,2022-08-30
7,607,36,2022-10-20
5,190,77,2022-03-01
2,202,62,2022-03-11
9,673,6,2022-11-25
75,454,18,2022-01-05
51,299,97,2022-08-10
3,353,66,2023-03-03
45,772,7,2022-01-26
9,413,16,2022-06-13
17,889,35,2023-01-09
18,346,80,2022-04-14
44,870,81,2022-12-11
81,448,30,2023-02-18
57,209,57,2022-03-06
62,726,17,2022-09-06
10,121,13,2022-08-05
33,715,29,2022-02-22
53,675,96,2022-01-27
5,853,79,2022-06-30
93,163,13,2022-02-04
89,844,46,2022-01-18
46,440,59,2022-04-25
78,490,49,2022-12-22
66,304,29,2023-02-13
6,765,48,2022-06-28
94,220,50,2022-04-19
43,983,71,2022-02-26
17,228,20,2023-03-02
89,47,96,2022-08-10
71,4,92,2022-06-02
70,243,34,2023-03-02
51,620,28,2023-02-09
46,415,85,2023-02-03
91,815,51,2022-12-30
83,968,79,2022-02-28
60,263,100,2023-02-26
6,724,79,2022-09-28
19,771,28,2022-06-30
35,144,17,2022-09-22
25,676,47,2022-12-11
17,508,14,2022-10-20
50,820,32,2022-06-18
66,640,95,2022-11-18
95,383,66,2022-10-01
32,763,74,2023-04-18
62,633,46,2023-02-25
100,626,93,2022-04-20
84,231,31,2023-01-08
43,614,21,2022-02-20
43,225,40,2022-09-28
26,73,86,2022-05-02
57,499,33,2022-07-22
62,867,68,2023-01-10
16,35,57,2022-04-26
83,483,63,2022-02-16
5,732,30,2023-02-22
30,844,2,2023-01-04
59,440,15,2022-08-29
16,982,27,2022-07-27
46,139,61,2022-05-31
55,141,96,2022-12-06
8,118,63,2022-02-28
8,805,82,2023-01-25
43,607,68,2022-01-18
94,701,3,2022-05-17
39,192,66,2022-09-04
69,73,14,2023-01-20
52,544,80,2022-08-21
22,759,79,2022-10-04
14,679,54,2023-02-02
45,494,29,2022-05-18
32,682,84,2022-04-12
82,713,77,2022-10-06
63,309,59,2022-10-08
6,93,59,2022-09-04
84,742,21,2023-02-03
30,67,84,2023-03-07
46,782,53,2022-08-20
54,769,86,2022-09-02
26,386,22,2022-04-15
2,305,97,2022-11-30
70,980,6,2022-05-04
36,895,89,2023-02-18
84,124,9,2023-01-08
23,741,9,2022-02-28
1,182,82,2022-06-24
40,754,33,2022-03-30
32,55,19,2022-02-07
17,943,97,2023-04-10
80,240,92,2023-04-06
36,423,71,2022-10-27
57,826,42,2023-04-15
64,102,92,2022-07-27
73,678,29,2022-01-01
28,661,88,2022-05-31
68,473,13,2023-03-10
92,691,34,2022-01-21
79,207,15,2022-12-18
73,589,9,2022-03-05
83,115,11,2022-12-04
84,78,70,2022-04-10
39,658,26,2022-05-05
79,986,20,2022-10-15
91,991,23,2022-08-02
100,244,18,2022-02-11
3,810,46,2023-03-28
23,697,27,2022-01-19
60,820,6,2022-04-20
67,897,72,2022-09-11
42,786,67,2022-06-07
31,31,85,2022-06-19
94,208,33,2022-12-09
90,810,28,2022-07-20
88,838,72,2022-10-08
65,319,35,2022-01-12
51,390,87,2022-07-23
85,370,15,2022-03-12
26,273,56,2022-11-08
63,725,9,2022-05-15
88,478,88,2022-02-13
11,597,67,2022-07-02
100,884,51,2022-09-20
41,311,20,2022-02-27
57,829,93,2022-01-24
41,867,5,2022-09-05
58,754,76,2022-09-25
99,349,38,2022-07-31
63,746,24,2022-09-25
24,846,32,2022-12-20
86,505,52,2022-05-04
9,820,38,2022-09-18
78,654,77,2022-12-09
84,196,31,2022-02-09
26,876,47,2022-07-06
39,523,83,2023-03-15
59,924,11,2022-02-16
13,384,71,2022-11-15
55,60,72,2023-02-14
4,595,13,2023-01-13
74,915,13,2022-08-10
58,332,28,2022-09-27
37,572,72,2022-06-21
49,323,14,2022-02-27
6,901,15,2023-02-28
50,71,44,2022-02-27
24,437,72,2022-12-05
28,897,64,2023-01-14
19,387,72,2022-09-13
94,561,34,2022-01-15
13,803,53,2023-01-03
30,152,57,2022-01-10
13,656,93,2022-10-11
35,213,74,2022-11-20
89,473,13,2023-01-19
45,778,72,2023-03-11
33,23,53,2023-04-14
27,631,59,2023-04-15
66,932,21,2022-08-31
85,454,25,2022-09-25
73,260,78,2022-11-20
100,169,15,2022-09-06
74,465,92,2023-04-10
92,146,88,2023-01-13
17,198,86,2023-02-06
58,477,20,2023-04-08
14,442,27,2022-02-28
67,47,92,2022-07-25
77,487,85,2022-05-08
77,185,27,2022-11-23
14,84,91,2023-03-31
81,28,96,2022-01-27
79,741,8,2022-07-27
27,626,40,2023-03-31
19,423,27,2023-02-14
56,967,33,2023-04-06
75,240,94,2022-05-15
61,48,98,2023-01-31
19,201,38,2023-02-23
69,11,95,2022-06-15
26,897,41,2023-03-19
60,624,9,2023-04-11
21,527,92,2023-04-04
58,429,14,2022-01-28
60,721,42,2023-02-13
47,88,48,2022-04-23
94,632,3,2022-11-15
98,731,99,2023-04-11
11,576,69,2022-02-10
79,336,43,2022-05-18
39,26,86,2022-12-29
47,465,66,2023-04-20
9,382,51,2023-03-26
92,535,5,2022-09-29
50,632,96,2022-07-28
76,279,96,2022-07-02
70,322,90,2022-01-25
16,951,39,2022-10-15
2,962,53,2022-11-07
6,220,42,2022-05-30
30,501,50,2023-04-04
72,489,57,2022-09-11
80,174,18,2022-05-13
72,536,99,2023-01-23
48,828,55,2023-01-21
37,632,30,2022-04-23
37,180,59,2022-01-10
60,295,24,2023-04-12
66,10,23,2023-04-11
12,850,6,2023-03-12
12,842,55,2022-01-05
55,614,92,2022-03-25
6,26,65,2023-04-10
55,177,20,2022-01-22
62,859,67,2023-02-28
11,655,17,2022-08-15
49,559,10,2023-01-25
55,258,45,2022-12-03
61,835,34,2023-03-20
18,440,13,2022-10-20
74,575,75,2022-01-08
6,763,97,2023-01-21
94,53,30,2023-01-24
7,522,19,2022-12-23
90,78,70,2023-03-12
32,942,20,2022-04-21
70,507,11,2022-02-05
48,560,26,2023-02-16
41,851,95,2023-01-07
19,950,62,2022-08-01
78,772,42,2022-11-06
1,282,20,2022-12-21
49,908,28,2022-05-26
60,312,17,2022-02-07
71,552,36,2022-11-04
40,37,57,2023-01-30
17,838,63,2022-05-23
69,275,79,2022-05-28
19,223,72,2022-12-21
55,603,4,2022-09-18
72,151,17,2022-07-10
33,785,50,2022-06-22
74,986,1,2022-08-14
89,492,41,2023-02-15
49,931,88,2023-03-26
64,531,59,2022-06-03
90,599,76,2023-03-07
60,940,14,2022-09-11
87,950,45,2022-07-29
73,116,25,2022-07-04
90,426,63,2023-02-09
45,518,69,2022-05-24
55,893,61,2023-04-07
75,17,27,2022-08-27
82,581,100,2022-05-02
84,227,25,2022-05-14
53,558,54,2022-05-26
40,618,29,2023-02-02
49,78,2,2022-11-21
19,182,94,2023-02-18
93,24,47,2022-07-19
10,611,32,2022-04-07
98,813,3,2022-09-25
21,416,74,2023-04-13
64,199,73,2022-03-12
59,96,85,2023-01-15
42,900,54,2022-01-09
76,792,89,2022-02-26
40,734,60,2022-06-03
65,318,63,2023-02-13
65,926,22,2022-05-27
49,326,10,2023-03-17
98,665,53,2023-03-24
88,802,100,2022-10-26
7,342,74,2023-03-18
15,294,33,2022-09-08
41,102,54,2023-02-07
2,866,51,2023-02-03
81,281,27,2022-01-22
45,625,55,2022-07-31
79,718,84,2022-06-05
71,520,15,2022-05-07
23,710,36,2023-02-12
70,390,26,2022-05-14
2,402,45,2022-01-23
89,865,13,2022-03-21
66,741,68,2022-02-04
79,789,85,2023-03-12
23,141,44,2023-02-21
79,719,46,2022-11-11
56,333,27,2023-02-14
95,82,69,2022-03-27
40,564,72,2022-04-08
21,354,77,2022-07-11
27,31,57,2022-11-13
75,985,59,2022-07-26
9,423,5,2022-05-25
91,305,32,2022-07-04
1,271,6,2022-01-26
33,180,76,2022-09-02
24,43,34,2022-04-15
80,95,84,2022-10-08
86,288,58,2022-09-05
89,887,70,2022-11-11
31,864,84,2022-07-08
42,681,75,2022-12-28
9,731,65,2022-01-23
9,818,47,2023-03-03
31,480,15,2022-02-21
24,893,39,2022-07-15
26,922,48,2022-07-27
79,23,16,2022-11-26
29,697,83,2022-02-04
34,808,25,2022-04-26
90,392,4,2023-02-01
73,388,83,2022-03-05
74,398,19,2023-02-05
57,380,40,2023-03-05
91,461,59,2022-02-03
59,359,6,2022-12-17
69,918,56,2022-03-12
55,406,15,2022-08-02
13,810,43,2022-04-09
10,741,84,2023-03-19
90,635,69,2022-12-12
57,274,86,2022-07-21
71,533,55,2023-01-09
42,751,45,2022-03-06
45,477,97,2022-05-31
6,56,16,2022-08-24
19,577,59,2022-04-05
84,990,48,2022-04-06
44,581,35,2022-11-26
54,619,51,2022-05-22
55,466,30,2022-09-15
12,385,7,2022-11-23
65,195,99,2023-03-01
65,49,20,2023-03-09
10,830,68,2023-03-05
51,529,7,2022-01-22
38,777,34,2022-06-27
52,599,42,2022-02-17
45,378,42,2022-02-25
26,923,37,2023-03-05
17,366,24,2022-07-29
85,45,76,2023-01-17
82,732,1,2022-04-20
16,237,45,2022-04-30
69,588,11,2022-11-19
91,989,27,2022-10-22
30,447,8,2022-10-27
5,50,92,2022-04-01
25,754,35,2022-12-20
14,858,92,2022-01-09
64,654,2,2022-12-01
13,641,67,2022-10-27
21,280,83,2022-11-07
67,817,50,2022-02-26
18,363,30,2022-03-06
63,19,68,2022-08-10
6,159,63,2022-01-27
83,552,86,2022-02-11
15,521,16,2022-03-12
48,72,12,2022-09-11
36,472,88,2022-12-02
73,724,96,2022-01-19
61,472,26,2022-07-30
63,569,11,2023-01-07
16,78,38,2022-01-30
55,168,18,2023-01-19
49,469,42,2022-03-07
56,994,88,2023-01-13
50,166,19,2022-04-13
20,708,48,2022-09-12
32,401,20,2022-11-17
45,452,6,2022-02-10
28,744,61,2022-03-25
41,588,92,2022-05-27
94,996,96,2022-10-04
79,10,59,2022-05-25
94,412,94,2023-01-21
49,690,70,2022-10-07
64,394,92,2022-08-12
88,835,24,2022-06-25
49,908,8,2022-10-14
68,957,50,2022-04-17
76,585,63,2022-08-16
82,512,80,2022-02-17
10,866,44,2023-02-12
57,215,62,2022-05-21
60,556,1,2022-06-30
56,581,96,2022-03-30
79,326,95,2022-08-24
6,200,37,2023-02-04
59,12,30,2022-12-06
27,747,73,2023-01-11
59,708,86,2022-11-20
90,602,13,2022-10-24
41,298,38,2023-01-19
85,134,65,2022-02-11
11,862,10,2022-10-04
39,827,73,2023-03-01
44,710,88,2022-12-03
36,70,20,2022-09-03
3,873,6,2022-03-24
49,154,48,2022-10-16
61,122,9,2022-12-06
4,309,62,2022-03-21
32,547,88,2022-05-05
93,99,31,2022-08-22
59,86,8,2022-05-26
20,721,11,2022-07-22
80,734,76,2022-02-16
52,873,82,2022-05-18
76,362,40,2022-09-10
30,840,2,2022-11-25
62,126,52,2023-02-10
97,351,97,2022-11-12
59,703,7,2023-03-08
13,935,45,2022-08-20
39,295,12,2022-02-08
7,938,95,2023-01-03
64,468,61,2023-04-17
15,35,92,2022-06-17
88,868,22,2023-02-20
20,867,80,2022-01-01
43,441,76,2022-09-01
7,760,71,2023-01-29
61,963,4,2022-04-14
17,145,36,2022-02-07
1,550,20,2022-10-24
64,54,12,2022-09-22
21,560,2,2022-06-07
12,829,4,2022-01-16
90,440,95,2022-05-29
12,229,96,2022-04-15
63,626,86,2022-03-02
19,752,71,2022-03-10
47,855,9,2023-03-22
86,178,70,2022-01-11
72,66,59,2023-02-28
17,146,22,2023-01-11
38,196,58,2023-04-17
57,966,11,2023-02-17
65,115,70,2022-02-13
78,599,64,2022-11-21
26,106,92,2022-02-22
30,343,59,2022-09-14
51,847,8,2022-08-11
47,362,26,2022-06-18
90,83,71,2022-01-07
32,990,6,2022-03-08
63,313,89,2023-01-19
27,153,19,2022-07-06
18,577,27,2023-01-01
78,647,61,2022-11-28
52,428,72,2022-04-24
65,39,53,2022-07-13
25,777,7,2022-08-11
75,191,93,2022-02-16
3,194,83,2023-03-25
55,958,81,2022-04-22
22,678,70,2022-05-30
35,384,14,2023-04-07
45,862,29,2022-04-16
49,736,3,2022-09-26
60,210,75,2023-01-22
66,232,77,2023-04-19
1,460,51,2022-08-14
42,698,79,2022-02-14
81,951,51,2022-10-07
86,355,25,2022-05-28
8,58,30,2022-10-18
29,619,22,2022-06-21
84,601,54,2022-04-05
40,306,28,2022-12-06
52,147,16,2022-09-20
54,156,17,2022-07-06
59,798,60,2022-05-16
79,804,49,2022-06-17
15,525,79,2022-08-18
70,772,53,2023-03-03
67,839,46,2023-01-06
84,445,40,2022-03-13
96,928,62,2023-03-12
55,9,55,2022-09-30
37,327,14,2022-11-28
44,447,55,2022-07-28
16,468,74,2022-07-17
4,446,43,2023-04-13
73,544,34,2022-04-28
88,149,22,2022-12-03
84,17,43,2022-05-25
31,417,39,2023-03-20
12,676,42,2022-09-28
48,404,87,2022-04-16
47,675,61,2022-04-02
85,116,48,2023-04-11
14,709,21,2022-02-16
81,783,82,2022-06-19
13,83,53,2022-06-14
36,771,5,2022-03-16
16,184,98,2022-08-09
78,798,35,2023-01-31
46,556,47,2022-05-08
29,31,33,2022-06-16
25,539,85,2022-11-21
91,956,59,2023-03-07
17,96,51,2022-04-08
67,575,45,2022-08-31
51,902,77,2022-05-11
3,215,39,2022-08-25
98,699,24,2023-03-10
87,228,89,2022-11-02
86,893,3,2022-07-29
66,312,54,2023-04-12
74,34,33,2023-01-03
87,616,42,2023-02-26
46,823,2,2022-10-30
53,501,47,2022-11-28
95,63,24,2022-02-19
54,352,25,2022-08-31
37,442,85,2022-11-25
6,9,67,2022-07-05
72,704,60,2022-02-13
91,367,64,2022-10-15
68,567,72,2022-09-18
16,210,90,2022-02-21
82,807,38,2022-11-03
57,633,66,2022-01-06
63,611,87,2022-10-20
72,32,89,2022-01-14
55,531,2,2022-10-09
91,254,80,2022-06-23
84,147,23,2022-08-09
29,142,47,2022-01-14
53,565,23,2023-03-09
62,765,80,2022-05-03
74,928,32,2022-12-04
92,534,68,2022-09-14
91,486,89,2022-10-27
11,810,28,2022-10-24
10,566,5,2022-06-08
4,509,93,2022-02-26
69,650,71,2023-04-08
17,917,4,2023-03-07
22,695,68,2023-03-07
73,75,31,2022-08-31
94,767,95,2022-05-03
34,945,52,2022-04-05
74,211,44,2022-07-06
11,601,82,2022-07-05
98,334,47,2022-02-24
80,846,98,2023-02-26
31,153,35,2022-01-10
89,84,13,2022-12-17
84,840,26,2022-09-23
80,240,60,2023-03-07
17,274,19,2022-03-30
76,551,58,2022-01-19
46,757,22,2022-01-04
2,542,42,2023-02-10
87,657,32,2022-06-08
52,823,33,2022-09-12
56,299,51,2022-02-05
49,862,39,2022-11-24
56,520,66,2022-01-16
88,304,31,2022-03-07
44,53,82,2022-01-17
79,536,96,2022-07-01
99,740,45,2022-03-26
47,362,71,2023-01-23
93,598,81,2023-01-19
34,538,41,2023-04-06
14,696,24,2022-11-25
59,557,41,2022-09-10
46,790,7,2022-06-15
19,875,77,2022-05-21
13,237,82,2022-12-04
100,494,59,2023-02-21
3,978,1,2022-04-26
84,882,56,2022-12-02
27,254,77,2022-03-08
15,935,5,2022-02-23
69,580,72,2022-03-11
83,982,67,2022-06-03
70,335,54,2023-01-31
77,941,41,2022-03-04
27,613,54,2022-10-07
45,272,36,2022-09-05
1,325,92,2022-09-13
9,674,88,2022-08-04
99,990,8,2022-05-08
91,953,84,2022-03-22
99,806,96,2022-09-04
84,872,99,2022-06-22
29,743,8,2022-10-17
12,940,6,2022-10-07
52,327,74,2023-04-01
50,861,30,2022-07-15
13,306,55,2022-07-08
80,147,42,2022-02-26
19,56,24,2023-03-04
69,662,65,2022-11-24
46,935,26,2022-06-27
35,415,38,2022-03-26
46,277,93,2022-02-12
98,837,80,2023-01-10
9,412,85,2022-10-17
100,289,98,2022-06-11
86,448,45,2022-08-15
75,667,75,2022-01-06
19,706,8,2022-07-20
70,620,62,2022-06-08
82,170,45,2023-04-05
5,788,87,2022-09-13
10,813,9,2022-10-30
80,443,70,2022-07-01
53,31,68,2022-06-10
12,107,36,2022-04-10
63,333,15,2023-01-21
60,680,89,2022-06-29
7,893,96,2023-01-08
43,155,90,2022-12-16
63,771,46,2022-02-07
36,4,61,2022-06-06
42,702,88,2022-08-29
74,137,5,2022-12-09
56,404,86,2022-01-27
98,181,44,2023-03-29
81,655,37,2022-01-31
63,286,86,2022-08-15
78,695,68,2023-04-06
72,652,79,2023-01-30
46,930,63,2023-01-24
5,594,10,2022-09-03
75,780,29,2022-03-04
11,585,65,2022-09-03
55,575,40,2022-03-05
48,766,30,2023-03-28
18,434,78,2022-11-15
56,959,71,2022-04-08
52,789,95,2022-11-01
84,856,85,2023-01-14
24,675,55,2023-01-27
20,830,22,2022-04-14
23,537,19,2022-12-06
7,961,73,2022-03-08
18,879,69,2023-02-17
47,555,78,2023-03-02
95,579,24,2023-01-15
90,407,65,2022-11-18
34,296,25,2022-04-10
76,652,37,2023-02-22
88,836,79,2022-09-15
22,993,79,2023-01-24
15,152,20,2022-04-17
82,431,75,2023-03-04
59,939,11,2023-03-06
42,60,88,2022-04-28
33,170,42,2022-07-19
30,202,57,2023-04-05
53,165,81,2022-02-08
36,560,5,2022-10-09
36,387,34,2022-03-27
4,651,63,2023-04-18
94,124,90,2022-11-20
71,525,69,2022-09-13
74,765,20,2022-09-04
55,875,59,2022-04-17
30,136,42,2023-01-29
35,295,76,2022-09-14
4,411,1,2022-04-23
98,990,80,2022-12-28
4,235,76,2022-06-26
45,293,17,2022-09-24
4,576,73,2022-01-11
62,738,2,2022-09-07
85,319,5,2022-08-31
16,53,71,2022-11-29
83,269,86,2023-04-18
86,816,53,2022-10-26
65,448,61,2022-03-24
11,333,1,2022-07-14
74,403,21,2022-03-17
28,474,62,2022-07-26
97,74,4,2022-03-24
94,893,60,2023-01-08
96,187,56,2022-07-08
92,644,98,2022-09-11
92,359,92,2022-02-10
48,790,20,2022-05-27
7,735,3,2023-03-02
89,153,14,2023-04-03
96,55,98,2022-01-05
66,708,39,2022-12-20
62,110,75,2022-09-07
52,695,79,2022-01-17
21,283,15,2022-10-28
32,442,86,2022-10-14
49,585,8,2023-01-02
10,234,15,2022-11-12
24,379,7,2022-11-29
79,681,84,2022-11-06
82,201,6,2022-03-18
37,887,82,2022-02-23
33,977,55,2022-03-25
85,546,25,2023-01-24
26,15,18,2022-05-30
77,747,100,2022-10-03
51,100,34,2022-06-17
49,301,59,2022-02-13
65,793,4,2022-12-10
46,371,23,2022-02-18
38,788,18,2022-01-31
2,939,41,2022-04-15
27,213,86,2022-03-10
10,567,75,2022-10-02
46,492,81,2022-03-31
9,840,91,2022-11-08
64,313,21,2022-03-17
61,70,82,2022-11-21
13,317,99,2022-08-14
21,8,12,2023-01-01
57,278,63,2023-01-20
51,21,18,2022-10-04
88,379,7,2023-02-24
64,905,41,2022-10-07
97,382,10,2022-10-11
72,655,45,2022-08-11
54,910,71,2023-02-18
12,198,40,2022-06-05
56,114,24,2022-08-18
57,933,21,2022-05-29
58,621,98,2023-01-27
9,204,85,2022-10-28
21,528,47,2022-05-18
73,213,97,2022-02-20
18,681,96,2023-04-09
25,185,27,2022-12-14
28,307,30,2022-05-05
2,883,99,2022-07-14
3,732,76,2022-02-08
100,825,59,2022-08-06
65,922,32,2022-08-23
19,822,1,2022-07-28
22,766,31,2022-12-21
18,674,57,2022-08-02
35,448,60,2022-08-17
32,405,26,2022-03-14
27,709,51,2023-02-21
78,808,98,2022-03-31
38,379,91,2022-03-13
19,946,99,2022-05-29
57,772,80,2023-03-04
12,566,41,2022-07-30
58,702,53,2022-06-18
53,21,99,2022-03-17
66,976,19,2022-08-22
1,941,97,2022-09-14
80,231,88,2022-04-26
7,146,29,2022-09-03
17,113,92,2022-08-21
14,585,6,2023-04-16
5,962,52,2022-05-23
77,18,11,2022-07-11
64,405,85,2022-06-15
54,14,36,2023-02-04
59,326,33,2022-11-28
42,276,21,2022-09-26
35,860,77,2022-05-17
1,438,69,2022-04-29
53,659,100,2022-03-07
34,516,19,2022-03-04
89,607,34,2022-08-21
79,640,79,2022-02-17
70,456,66,2023-01-03
71,120,1,2022-06-09
51,518,82,2022-03-07
30,949,5,2023-03-26
79,290,76,2022-08-04
92,325,12,2022-08-17
50,310,9,2022-06-01
96,23,49,2022-09-10
6,844,94,2023-01-09
97,839,72,2022-10-02
55,198,69,2022-12-13
47,141,36,2022-05-15
55,816,24,2023-03-12
72,866,42,2022-08-28
75,149,25,2023-02-22
67,974,95,2022-05-07
50,990,80,2023-03-03
60,821,5,2022-09-07
86,656,29,2022-04-22
91,495,92,2022-10-07
72,99,6,2022-07-11
56,443,85,2022-09-25
36,715,61,2022-09-19
47,784,33,2022-09-18
64,935,82,2022-01-19
12,103,38,2022-05-17
29,648,53,2022-12-10
65,748,46,2022-02-22
52,572,58,2022-12-19
78,421,1,2023-02-09
4,303,33,2023-01-26
99,677,37,2022-07-23
79,537,37,2022-07-28
95,370,40,2023-01-03
8,345,26,2022-09-27
52,491,20,2022-04-26
7,320,76,2022-11-17
9,144,19,2022-11-02
72,165,61,2022-06-27
13,159,46,2022-01-26
55,71,5,2022-12-13
71,672,20,2022-05-13
94,662,72,2022-07-14
55,202,78,2022-03-23
63,498,66,2022-06-27
5,121,39,2022-09-08
45,74,47,2023-02-20
90,222,17,2022-02-04
38,442,97,2022-02-28
38,547,44,2023-04-16
71,326,48,2022-05-13
99,163,53,2022-06-12
11,955,88,2022-02-10
39,930,64,2022-04-26
96,775,77,2022-09-14
99,662,12,2023-03-30
38,438,75,2022-05-13
62,179,79,2023-01-25
86,678,20,2023-01-10
56,659,77,2022-08-27
46,584,84,2022-06-11
89,483,15,2022-09-19
97,163,49,2022-11-06
92,461,57,2022-04-28
58,626,7,2023-03-08
23,841,91,2023-01-03
38,149,58,2022-07-22
16,729,54,2022-01-02
6,174,21,2022-10-29
12,593,63,2022-08-18
72,59,61,2022-06-28
21,470,38,2022-07-19
86,316,19,2022-09-20
22,919,8,2022-03-12
75,161,69,2022-01-26
79,75,91,2022-11-22
59,258,73,2023-02-07
24,606,80,2022-08-18
2,92,89,2022-06-30
28,999,3,2022-02-14
29,442,29,2022-12-22
45,779,42,2022-12-20
63,464,63,2022-06-12
45,544,62,2023-01-19
18,322,53,2022-04-06
56,157,97,2022-07-06
73,703,68,2022-08-28
82,516,93,2022-11-28
88,156,17,2022-04-15
2,32,32,2022-11-02
61,208,43,2022-09-04
84,933,55,2022-11-18
75,338,90,2022-09-10
39,733,25,2022-08-13
23,458,6,2022-09-24
35,438,77,2022-09-01
20,971,78,2022-01-20
5,896,4,2023-01-17
21,181,17,2022-11-18
40,375,37,2022-04-29
28,768,61,2022-10-23
47,747,1,2022-07-27
3,777,36,2022-06-02
100,972,75,2022-12-19
80,992,61,2022-08-01
16,443,85,2023-01-14
35,743,80,2022-03-18
92,94,97,2022-11-07
34,388,68,2023-01-28
5,599,18,2022-05-08
5,683,25,2022-11-09
3,436,18,2022-07-06
67,968,57,2023-02-18
51,968,70,2022-09-01
46,69,17,2022-04-19
1,202,25,2022-12-05
29,92,53,2022-06-21
99,914,4,2023-03-22
97,768,21,2022-03-12
92,840,70,2022-04-15
80,882,70,2022-08-17
32,733,81,2022-06-02
66,534,68,2022-01-08
14,77,6,2023-04-14
20,710,90,2023-02-03
14,77,20,2023-03-20
6,803,27,2022-12-23
32,454,39,2022-10-28
71,986,44,2022-03-06
72,417,26,2022-12-27
57,881,73,2022-06-30
87,361,86,2022-04-11
45,403,42,2022-10-16
47,14,4,2022-10-27
20,75,27,2022-07-06
56,934,52,2022-12-28
29,966,18,2022-06-12
8,853,9,2022-08-03
62,851,52,2022-02-17
79,857,45,2022-08-23
40,377,26,2022-02-12
70,419,61,2022-11-27
43,345,19,2022-08-05
92,654,61,2022-10-02
59,513,100,2022-01-25
62,523,88,2022-03-21
93,944,59,2022-05-11
28,316,9,2022-12-23
59,455,89,2022-04-29
10,234,15,2023-01-07
57,371,84,2022-10-17
21,796,69,2022-05-03
35,318,62,2023-03-28
57,3,73,2023-02-14
27,791,91,2022-06-09
30,649,3,2022-10-04
85,458,21,2023-02-23
48,471,53,2022-11-14
49,269,1,2022-05-07
66,792,11,2023-02-28
38,350,55,2022-11-27
90,786,93,2023-02-21
14,382,24,2022-08-21
65,330,22,2023-03-22
100,93,50,2023-01-28
26,292,7,2022-06-30
34,478,91,2022-01-10
85,41,90,2022-05-16
9,74,91,2022-02-07
57,762,73,2022-08-28
20,786,40,2022-08-10
100,540,52,2022-02-24
45,96,35,2022-07-13
52,558,72,2023-02-11
70,263,15,2023-04-11
15,692,71,2022-08-11
19,123,91,2023-04-15
50,174,47,2023-03-02
91,58,42,2022-10-06
89,934,14,2022-10-16
43,461,91,2022-05-16
77,170,53,2022-08-31
76,597,92,2022-07-30
84,805,2,2023-01-07
31,152,75,2022-07-16
44,223,42,2022-12-09
6,831,54,2022-08-30
52,549,14,2022-11-15
71,435,11,2023-04-17
8,414,34,2022-10-01
21,597,86,2022-04-26
66,582,15,2022-05-02
12,489,54,2022-05-10
99,334,43,2022-12-21
23,174,81,2022-12-26
6,16,42,2022-05-19
11,316,98,2022-07-11
31,352,18,2022-12-09
66,907,44,2022-09-16
34,491,12,2023-02-14
44,480,39,2022-09-12
27,546,85,2022-04-01
68,203,47,2023-02-12
52,637,21,2022-08-22
15,259,55,2022-09-29
48,910,81,2022-05-06
38,757,65,2022-12-16
31,780,6,2023-03-14
55,601,88,2022-12-26
9,605,55,2022-03-14
75,602,35,2022-11-22
12,305,93,2022-12-24
77,819,62,2022-05-10
90,220,41,2022-04-26
42,127,70,2022-10-04
51,965,5,2022-10-29
39,162,80,2022-06-06
97,202,2,2023-01-30
86,587,25,2022-08-13
72,305,22,2022-02-09
41,34,53,2023-02-06
87,804,18,2022-10-20
61,370,60,2022-12-31
84,950,63,2023-01-06
66,953,89,2022-11-09
65,95,11,2022-02-12
86,150,1,2022-04-16
13,388,94,2022-06-28
70,261,83,2023-03-22
43,820,42,2022-08-22
1,145,88,2022-06-09
36,534,17,2022-10-11
44,820,95,2022-05-13
83,832,42,2023-02-08
89,144,4,2022-10-28
72,144,1,2022-07-13
5,604,99,2022-01-11
10,198,4,2022-06-05
6,208,26,2022-01-11
44,619,61,2022-03-25
42,231,73,2022-05-22
7,897,70,2022-09-17
88,791,24,2022-10-01
20,331,89,2022-12-22
7,382,22,2022-07-22
84,609,44,2022-02-18
75,72,3,2022-12-08
100,579,38,2022-08-03
61,903,35,2022-04-26
72,788,50,2023-01-16
28,650,29,2022-02-02
38,918,76,2022-12-13
50,777,65,2022-10-20
69,564,21,2023-02-13
96,731,48,2022-05-14
28,947,62,2023-04-01
94,520,21,2022-05-03
20,121,90,2022-03-21
40,588,80,2022-01-11
17,646,86,2022-10-05
19,884,28,2022-04-15
69,715,77,2023-01-20
42,235,38,2022-12-19
84,764,18,2023-02-27
85,532,10,2022-06-30
12,611,95,2023-04-09
11,421,71,2023-02-01
72,123,23,2023-03-22
24,658,5,2022-03-22
33,322,71,2022-01-07
62,512,47,2022-02-13
11,968,85,2022-02-22
84,564,48,2022-06-19
82,266,33,2022-12-31
30,520,13,2022-03-21
97,866,39,2022-12-26
70,852,77,2023-04-07
87,832,7,2023-02-03
36,220,71,2022-07-01
44,592,38,2023-01-27
5,449,23,2022-06-28
38,421,58,2022-01-02
10,537,52,2022-07-10
72,879,15,2022-09-03
54,305,62,2022-12-25
19,831,64,2023-03-23
25,444,5,2023-01-03
70,620,3,2022-08-23
71,738,42,2022-04-26
45,548,17,2022-07-12
4,387,28,2022-02-13
26,736,88,2023-04-02
85,705,66,2022-08-02
11,533,22,2023-03-08
61,228,69,2022-04-21
26,775,46,2022-12-10
17,247,50,2022-09-17
63,26,86,2022-09-20
9,49,47,2023-02-09
87,5,50,2022-07-04
84,310,64,2023-02-20
84,881,82,2022-05-31
79,831,12,2022-11-21
100,23,10,2022-06-18
66,948,34,2022-05-12
63,424,100,2023-03-22
84,359,34,2022-12-30
30,936,26,2022-08-24
24,877,90,2022-09-16
64,520,41,2022-02-11
12,204,32,2022-06-18
49,119,75,2022-02-05
18,830,18,2022-08-17
12,873,73,2022-07-05
50,542,54,2023-04-01
21,956,71,2022-06-27
15,632,43,2022-04-08
73,709,80,2023-03-14
55,378,60,2022-10-25
2,389,72,2023-02-21
53,661,20,2022-05-17
2,589,98,2022-01-05
58,418,89,2023-03-03
45,458,56,2022-06-20
69,793,15,2022-02-11
28,172,71,2022-06-17
87,375,72,2022-01-25
45,936,74,2022-06-08
94,510,32,2022-12-09
35,374,50,2022-01-15
69,70,82,2022-10-08
12,220,72,2022-02-18
35,655,11,2022-10-20
54,336,69,2022-01-16
78,235,64,2022-03-21
93,81,50,2022-09-29
4,353,7,2023-03-18
91,32,43,2022-07-15
62,496,68,2022-02-26
84,91,44,2022-07-08
46,807,67,2022-08-11
35,479,28,2022-07-03
59,805,98,2023-01-10
90,96,45,2023-01-15
65,897,8,2023-01-27
87,796,5,2022-07-23
32,203,23,2022-10-08
56,220,36,2022-02-25
83,275,85,2023-01-21
72,699,81,2023-02-16
31,819,72,2022-10-22
15,117,35,2022-05-25
68,75,16,2022-01-25
87,307,47,2022-10-31
61,433,69,2022-08-29
32,814,96,2023-02-20
42,673,38,2023-03-29
76,462,83,2022-12-25
78,420,77,2022-05-25
89,568,30,2022-10-25
14,393,75,2022-09-15
26,306,79,2023-01-11
31,791,87,2022-02-26
68,28,41,2023-03-17
26,584,97,2022-04-24
88,320,29,2023-02-05
2,387,50,2022-05-21
95,235,98,2022-06-05
51,740,22,2022-05-23
12,49,48,2022-07-02
6,588,1,2022-04-08
44,401,19,2022-08-08
46,384,6,2022-09-12
98,188,95,2022-11-03
4,427,54,2022-09-14
20,793,18,2022-05-28
24,213,48,2022-05-13
82,794,51,2022-10-21
42,871,66,2022-12-05
82,701,15,2023-03-09
25,923,74,2022-07-01
61,16,63,2022-05-09
12,990,96,2022-04-25
11,323,37,2022-07-29
63,611,12,2023-01-29
18,997,60,2022-03-09
36,39,65,2022-12-26
26,469,3,2022-06-29
50,697,17,2023-04-05
31,497,65,2022-09-10
26,593,15,2022-09-05
66,157,48,2022-07-11
73,861,66,2022-07-05
23,963,63,2022-09-10
14,38,27,2022-12-09
66,881,21,2022-05-07
8,43,74,2023-02-08
84,420,74,2022-11-25
58,395,88,2022-07-30
13,525,60,2022-02-11
51,997,46,2022-06-22
46,480,36,2022-09-03
64,613,29,2023-01-04
82,124,14,2022-05-04
47,212,100,2022-05-22
33,510,18,2023-02-26
60,48,39,2022-09-28
73,96,40,2022-02-01
74,596,66,2023-04-09
13,391,21,2022-05-17
37,192,58,2022-08-23
76,382,35,2022-06-28
87,823,6,2022-04-30
34,513,95,2023-01-31
35,947,56,2022-06-26
82,275,88,2022-10-18
36,324,19,2022-07-17
88,698,15,2022-09-06
20,36,87,2022-02-14
35,355,22,2022-02-19
43,251,57,2022-02-07
20,623,57,2022-10-25
98,795,2,2022-08-14
81,455,21,2022-09-06
66,130,92,2022-07-03
67,544,41,2022-09-02
5,875,44,2022-01-21
49,804,47,2022-09-25
89,926,73,2023-03-02
49,180,50,2022-12-15
7,818,98,2022-03-25
6,896,26,2022-06-15
17,959,76,2022-11-11
68,891,76,2022-05-29
17,783,71,2022-07-04
26,817,32,2022-04-05
25,295,95,2022-10-26
71,163,98,2022-06-08
14,964,17,2022-04-13
24,547,64,2022-07-01
98,424,1,2022-02-23
67,322,98,2022-12-27
9,185,2,2022-02-16
56,220,65,2022-10-30
73,683,66,2022-03-24
100,107,23,2022-09-24
77,575,96,2022-03-17
90,70,24,2022-12-21
2,413,89,2022-09-10
10,815,11,2022-07-04
99,521,35,2023-04-01
8,780,93,2023-04-12
62,264,85,2023-01-06
9,310,82,2022-08-24
50,490,12,2022-11-14
66,644,13,2022-03-24
39,252,37,2022-09-04
89,860,59,2023-03-04
13,165,66,2022-09-18
77,193,39,2022-02-19
31,673,46,2022-12-07
50,252,74,2022-12-06
21,820,25,2022-08-28
6,722,60,2022-07-15
38,432,88,2022-05-17
45,793,41,2022-07-20
74,551,51,2023-03-17
9,95,95,2023-01-28
52,485,59,2023-02-15
8,678,13,2023-03-14
41,335,7,2022-06-12
91,277,16,2022-05-30
32,170,55,2022-11-07
2,458,32,2022-02-03
84,37,38,2022-05-05
16,845,62,2023-03-28
16,401,27,2023-01-10
42,38,44,2023-04-02
78,179,39,2023-04-17
8,408,85,2022-10-03
95,55,99,2023-04-10
83,424,46,2023-02-24
95,114,49,2022-04-16
76,233,12,2022-05-09
92,924,42,2022-11-11
24,392,3,2022-06-17
8,111,4,2022-09-01
43,53,60,2023-01-21
7,242,94,2022-08-29
61,988,98,2022-01-08
40,849,42,2022-05-29
5,940,55,2022-07-12
89,465,30,2022-10-23
61,328,62,2023-02-16
78,37,16,2023-03-23
84,544,4,2023-01-28
26,258,55,2022-01-11
65,895,5,2023-04-06
59,26,31,2022-06-20
68,218,27,2023-01-06
7,869,90,2022-12-13
88,687,78,2023-01-04
67,593,60,2022-03-19
85,788,20,2023-03-19
88,389,27,2022-03-10
34,906,39,2022-05-08
31,714,6,2022-02-04
11,320,68,2022-06-22
70,940,17,2022-01-23
63,395,24,2022-06-06
43,157,82,2022-04-20
92,61,56,2022-03-28
78,834,93,2022-10-12
63,412,23,2022-03-29
98,73,16,2022-04-06
85,711,63,2022-03-23
59,205,15,2022-05-26
58,378,81,2023-04-20
42,169,8,2022-08-10
16,582,85,2022-11-19
48,864,47,2022-05-17
40,921,13,2022-01-26
83,415,31,2022-04-15
62,204,42,2022-04-12
87,766,33,2023-03-17
26,611,27,2022-01-21
71,75,59,2022-01-24
10,604,47,2023-03-12
98,895,54,2022-05-28
11,175,41,2023-04-10
4,532,61,2023-02-21
17,551,56,2022-07-21
23,447,40,2023-03-24
42,831,40,2023-02-28
14,523,9,2023-03-06
79,823,56,2022-07-27
9,925,19,2022-12-30
22,344,8,2022-09-15
12,827,23,2022-07-25
46,799,71,2022-09-24
79,786,85,2022-03-25
49,581,68,2022-09-12
59,135,85,2022-08-05
41,564,1,2022-08-23
17,237,49,2022-11-03
63,129,13,2022-08-21
52,433,29,2022-09-23
92,912,74,2022-11-02
17,927,59,2022-06-09
20,818,64,2022-10-30
39,916,4,2023-01-23
25,871,15,2022-11-24
19,571,39,2022-01-02
68,669,67,2022-08-29
8,296,58,2022-03-24
54,567,33,2022-03-06
17,990,61,2023-03-07
97,519,11,2022-12-03
35,394,2,2022-08-25
82,65,20,2023-03-31
40,499,41,2022-07-25
76,474,43,2022-04-29
70,515,61,2022-03-08
95,590,19,2022-05-11
54,295,44,2023-01-19
76,190,24,2022-02-01
61,373,37,2022-01-23
51,39,3,2022-10-15
3,293,87,2022-07-11
10,73,24,2022-10-03
52,381,42,2023-02-24
19,603,75,2022-07-29
5,308,20,2022-12-07
13,740,78,2022-12-06
82,273,13,2022-04-12
52,908,38,2023-01-13
57,92,79,2023-01-21
56,462,63,2022-12-16
15,887,76,2022-05-20
99,195,87,2023-02-02
100,811,74,2022-02-21
91,683,6,2022-04-30
50,657,9,2022-06-16
70,597,84,2023-03-18
68,16,62,2023-04-07
13,881,91,2023-04-16
26,90,93,2022-06-19
73,566,12,2022-06-09
6,524,60,2022-07-09
10,793,25,2023-04-12
23,23,50,2023-01-09
36,711,1,2022-06-01
1,225,62,2022-10-22
5,154,18,2022-07-12
60,345,85,2023-03-27
77,650,83,2022-07-04
43,725,2,2022-08-17
14,390,42,2022-03-31
5,272,61,2023-02-15
65,53,67,2023-02-05
16,20,18,2022-07-18
20,241,96,2022-10-18
88,209,86,2022-07-05
35,767,68,2023-03-31
51,861,91,2022-02-08
40,380,78,2022-06-05
14,687,6,2022-08-28
50,995,20,2022-12-08
45,680,93,2023-03-14
11,177,52,2022-09-10
17,930,93,2022-03-16
78,595,90,2022-11-03
27,329,25,2022-03-29
11,539,78,2022-05-31
51,651,45,2023-03-02
96,705,28,2023-01-19
64,164,26,2022-08-22
49,131,5,2022-12-17
90,14,53,2022-02-08
33,862,67,2022-02-10
17,870,15,2022-01-03
74,370,86,2022-09-01
90,754,41,2022-05-31
87,953,56,2023-02-02
92,959,23,2022-09-20
58,77,11,2023-03-19
96,979,64,2022-12-03
95,876,87,2022-02-20
12,293,74,2022-03-07
35,768,23,2022-07-07
23,361,17,2023-02-05
6,865,66,2022-09-05
15,142,5,2022-05-25
93,205,67,2023-02-08
22,60,95,2022-09-15
85,846,84,2023-02-22
85,373,100,2023-02-25
92,360,49,2023-02-14
65,987,39,2022-03-11
53,612,33,2022-08-24
31,257,93,2022-01-08
57,526,22,2023-01-01
46,447,3,2022-02-09
89,289,7,2022-09-28
71,946,5,2022-07-09
99,98,97,2022-06-14
39,422,53,2022-08-10
89,511,43,2023-03-14
2,652,100,2022-11-18
28,18,67,2022-09-17
1,259,30,2023-02-17
53,414,15,2023-03-31
8,921,38,2022-06-23
68,391,35,2023-01-26
91,425,57,2023-03-01
70,320,29,2023-02-15
76,642,90,2022-01-29
59,166,62,2023-01-03
14,977,1,2022-10-04
89,793,28,2022-04-19
64,421,72,2022-07-06
84,730,46,2022-12-28
72,751,34,2022-07-14
27,74,36,2022-05-18
89,76,41,2022-09-06
19,493,25,2023-03-04
43,155,66,2023-01-08
50,937,54,2022-12-17
26,302,60,2023-03-16
51,166,87,2022-02-13
83,506,5,2022-08-19
79,341,17,2022-08-12
69,295,39,2022-07-18
53,157,57,2022-01-21
10,622,55,2022-05-23
52,239,61,2022-12-14
43,513,11,2022-09-16
59,387,40,2022-08-05
86,685,35,2022-11-20
9,806,15,2022-11-10
75,571,70,2022-06-24
37,903,41,2022-08-18
33,997,96,2023-02-13
91,165,4,2023-02-18
90,681,36,2022-08-02
10,807,71,2022-02-12
30,778,87,2022-08-03
64,58,22,2023-03-16
27,542,8,2023-01-22
5,255,1,2022-01-12
10,560,53,2023-02-08
55,794,87,2022-12-06
7,887,98,2023-02-09
33,844,84,2022-03-12
46,207,73,2022-07-31
67,397,95,2022-01-10
11,410,91,2022-03-22
43,776,58,2023-03-27
68,604,93,2022-04-18
15,715,25,2023-02-09
47,667,73,2022-08-31
50,586,57,2022-10-29
81,157,33,2022-06-27
44,827,4,2022-02-02
30,904,10,2022-12-16
98,643,40,2023-04-06
42,62,67,2022-04-26
70,242,12,2022-09-14
11,152,4,2022-01-03
27,192,22,2022-11-22
49,936,75,2022-07-13
56,354,78,2022-02-04
15,388,31,2022-07-06
27,179,12,2022-03-15
48,376,31,2023-02-27
70,546,71,2022-12-06
74,317,22,2022-10-08
43,95,58,2023-03-27
100,245,1,2023-02-22
1,746,92,2022-01-08
60,764,32,2023-03-02
66,951,68,2022-06-08
18,716,94,2022-07-06
13,417,62,2023-04-07
34,938,61,2022-05-15
55,609,67,2022-01-18
40,632,21,2022-09-15
11,972,79,2022-11-29
74,271,37,2022-08-15
81,221,14,2022-06-14
53,209,33,2022-01-31
25,39,61,2022-05-30
56,812,75,2023-02-09
5,342,53,2023-01-10
77,293,66,2022-01-14
10,576,44,2022-08-24
32,43,15,2022-07-18
17,554,96,2022-05-21
69,59,52,2023-02-14
89,241,44,2022-01-05
24,955,90,2022-11-18
47,338,90,2022-11-17
68,931,57,2023-02-13
90,446,67,2022-04-07
48,277,65,2023-01-07
34,385,57,2022-06-08
43,204,42,2022-12-19
16,151,82,2022-02-01
86,355,86,2022-06-24
56,788,92,2023-02-16
77,707,73,2023-02-25
16,240,66,2022-04-16
73,626,9,2022-05-12
9,521,64,2022-01-12
44,461,57,2022-10-07
76,253,88,2022-12-27
18,855,78,2022-11-13
81,739,63,2022-10-30
38,219,31,2022-12-18
3,340,59,2023-03-28
14,733,68,2022-05-12
55,860,98,2023-02-10
99,640,96,2022-03-30
24,921,33,2022-12-02
40,284,65,2022-03-10
99,726,93,2022-11-19
74,551,26,2023-03-23
93,593,98,2022-09-29
9,851,61,2022-05-19
69,913,5,2022-03-23
60,153,45,2022-02-25
1,518,18,2022-01-05
21,873,47,2022-10-04
100,666,71,2022-07-10
30,531,100,2023-03-15
61,160,36,2023-04-03
61,783,93,2022-09-07
88,361,75,2023-04-10
45,514,99,2022-08-12
49,593,23,2023-02-11
66,118,65,2023-03-16
30,745,65,2022-02-11
26,54,39,2022-06-17
34,887,67,2022-12-02
33,129,31,2022-05-02
99,163,64,2023-03-07
16,194,69,2023-03-28
40,255,67,2023-01-11
80,320,54,2022-02-01
79,691,23,2022-07-04
93,51,81,2022-01-28
76,501,17,2022-03-04
92,46,46,2022-08-27
34,784,75,2022-09-18
24,172,87,2023-03-02
17,795,4,2023-02-12
52,426,48,2022-01-04
47,149,33,2022-07-10
89,644,26,2022-08-26
91,104,28,2022-08-18
84,247,97,2022-08-20
27,261,35,2022-10-23
76,884,38,2022-07-23
31,813,70,2022-10-25
34,174,54,2022-01-30
99,808,13,2022-05-17
84,256,68,2022-10-19
97,300,32,2022-05-28
58,456,94,2023-01-26
97,293,25,2023-01-28
35,789,33,2022-04-05
72,933,81,2022-02-16
31,141,74,2022-03-31
43,202,23,2022-07-08
56,390,17,2022-01-29
80,751,17,2023-03-23
64,916,56,2022-09-03
89,230,81,2022-07-20
26,528,60,2022-09-11
39,923,33,2022-10-01
97,290,74,2022-02-19
16,338,11,2022-10-11
10,589,64,2022-07-26
99,56,77,2022-06-26
40,181,99,2022-11-03
86,404,37,2022-02-26
61,399,81,2023-03-02
10,364,42,2022-02-14
47,9,78,2022-10-04
98,88,75,2022-04-08
42,793,40,2022-11-24
45,93,22,2023-04-07
86,622,7,2022-08-09
55,424,45,2022-08-28
82,729,58,2022-01-24
92,979,90,2022-08-02
50,18,50,2023-01-20
41,812,33,2023-02-18
43,669,53,2022-04-13
87,256,5,2022-04-16
51,523,97,2022-02-03
9,238,64,2023-03-28
28,447,59,2022-03-06
79,934,98,2022-11-12
11,808,4,2023-02-03
70,352,82,2023-01-09
14,84,62,2022-06-27
48,561,14,2023-03-11
46,973,53,2023-02-06
62,566,55,2022-09-12
88,800,96,2022-09-12
51,93,74,2022-02-02
14,354,76,2023-02-07
73,49,92,2022-01-24
17,305,8,2023-01-29
45,92,96,2022-10-14
6,29,1,2022-09-10
78,970,44,2022-02-26
21,697,22,2022-08-15
56,489,98,2022-11-05
37,74,89,2022-11-01
1,324,29,2022-07-31
52,773,89,2022-12-31
99,919,71,2022-07-11
25,741,39,2022-12-08
42,557,60,2022-08-17
70,518,99,2022-08-26
24,554,28,2023-04-01
48,636,87,2022-09-14
9,835,1,2023-02-20
72,339,55,2022-07-28
49,688,41,2023-01-20
58,286,95,2023-01-16
59,386,30,2023-03-16
24,256,67,2022-04-23
66,421,66,2022-07-29
62,949,4,2022-07-20
47,606,44,2022-08-21
80,776,55,2022-10-20
19,892,93,2022-12-23
1,93,92,2022-12-01
95,41,47,2022-09-04
93,537,61,2022-10-30
17,382,30,2022-01-31
65,160,97,2023-03-09
99,811,52,2022-03-24
54,714,55,2022-12-24
22,519,56,2022-06-21
47,570,7,2022-08-04
6,330,92,2022-11-18
70,704,75,2022-11-18
35,417,1,2022-04-28
73,138,51,2022-11-29
18,528,21,2022-01-05
92,514,7,2022-02-25
46,287,29,2022-11-05
95,647,52,2022-01-31
50,295,36,2022-04-30
67,934,55,2022-04-23
76,219,70,2023-03-03
49,914,98,2023-02-25
44,746,86,2022-05-22
37,190,23,2022-08-02
36,422,77,2022-04-08
50,348,14,2022-01-14
19,341,77,2023-03-04
98,764,12,2022-06-23
58,589,41,2022-10-19
93,923,31,2022-10-27
78,704,16,2022-02-23
34,104,56,2022-08-07
49,856,26,2022-12-19
91,798,97,2023-02-09
88,334,65,2022-12-20
94,72,17,2022-12-11
27,518,80,2022-02-17
72,866,73,2023-01-15
93,343,57,2023-03-26
81,273,73,2022-08-04
42,719,2,2023-02-04
91,87,41,2022-08-08
98,72,43,2022-06-14
3,982,60,2022-09-28
14,87,6,2022-06-09
28,779,4,2022-09-23
42,281,34,2022-10-11
88,941,38,2022-12-20
82,86,6,2022-06-04
73,848,86,2022-02-08
48,650,72,2022-01-02
68,655,100,2022-07-17
13,456,89,2022-04-25
30,852,54,2022-06-26
21,225,35,2022-12-14
6,27,50,2023-04-17
97,669,22,2022-08-21
12,987,22,2022-03-15
91,37,59,2023-04-13
93,790,82,2022-04-16
14,532,80,2023-04-07
19,510,56,2022-03-10
9,592,32,2022-11-02
85,411,46,2022-07-05
6,860,18,2022-07-08
62,870,100,2023-04-08
42,659,1,2023-01-10
58,457,7,2023-01-17
30,488,2,2022-09-04
37,590,11,2022-11-21
6,520,27,2022-11-03
48,103,56,2022-08-30
89,38,47,2022-01-10
69,528,30,2022-12-12
16,523,86,2022-02-23
71,873,52,2022-02-08
36,120,43,2022-10-30
60,501,33,2022-01-08
83,23,11,2022-12-06
74,603,39,2022-10-30
95,428,100,2022-12-01
17,652,16,2022-04-08
35,16,21,2022-01-29
59,706,80,2022-11-24
41,5,54,2023-01-17
54,612,1,2023-04-07
52,569,94,2022-08-25
77,341,36,2023-04-05
88,404,47,2022-05-10
61,361,65,2022-11-20
3,833,47,2022-09-07
9,54,87,2022-11-20
35,532,29,2022-01-07
91,134,31,2022-06-26
26,408,64,2023-04-01
90,39,38,2022-10-11
11,80,45,2022-08-29
82,134,77,2022-01-18
94,58,61,2022-08-20
52,41,87,2022-08-16
2,256,30,2023-03-06
81,155,14,2023-02-07
54,151,70,2022-07-20
7,735,41,2022-09-10
26,175,26,2022-05-22
85,80,11,2022-01-13
47,523,96,2022-11-03
95,449,78,2022-09-03
16,652,37,2022-07-07
87,363,29,2022-10-25
86,918,29,2022-07-05
2,510,35,2023-03-23
65,25,3,2022-01-08
2,418,74,2022-05-07
71,231,42,2022-07-28
87,395,38,2022-01-18
79,416,95,2022-07-21
94,965,26,2022-04-27
54,65,68,2022-07-24
62,630,29,2022-11-09
98,248,91,2023-04-15
67,46,8,2023-02-05
49,429,38,2022-12-28
59,316,24,2022-07-25
18,411,76,2022-07-11
28,631,62,2022-03-10
76,884,67,2022-03-31
44,632,64,2022-09-28
33,307,81,2022-12-04
100,349,99,2022-02-22
12,925,77,2022-08-12
10,825,52,2022-07-10
46,405,33,2022-04-27
15,790,5,2022-07-02
57,681,21,2022-10-15
15,754,43,2023-02-09
17,677,48,2023-03-15
78,172,16,2022-07-12
13,205,18,2022-04-20
17,581,42,2022-08-18
22,881,20,2022-01-26
96,268,56,2023-03-02
37,860,76,2022-06-14
30,124,47,2022-12-22
78,37,28,2023-02-12
97,623,45,2022-10-08
13,708,90,2022-08-10
32,308,21,2022-03-15
89,969,91,2023-01-17
99,127,53,2023-02-17
16,225,75,2022-07-21
70,277,23,2022-05-04
28,875,85,2022-04-28
95,782,55,2022-08-30
15,819,8,2023-03-24
82,53,71,2022-11-19
61,440,94,2022-08-25
60,919,17,2022-02-20
65,671,5,2022-08-21
97,36,99,2022-06-13
36,764,78,2023-01-21
83,172,65,2023-03-16
44,524,57,2023-01-29
75,156,17,2023-02-11
26,304,78,2022-11-25
60,769,2,2022-07-26
58,238,18,2022-02-03
76,692,24,2023-03-31
46,524,14,2022-12-31
13,702,65,2022-11-30
38,517,44,2022-08-30
95,373,52,2022-10-29
41,319,97,2022-08-25
9,567,82,2022-03-25
45,313,69,2022-01-04
94,640,35,2023-03-14
54,291,18,2022-11-13
35,953,43,2022-09-19
79,568,79,2022-07-08
58,346,20,2022-03-09
47,492,45,2022-10-16
82,269,98,2022-11-10
100,24,17,2022-06-21
92,561,46,2022-01-18
50,407,23,2022-03-15
42,941,6,2022-03-13
72,768,4,2023-02-10
70,669,88,2022-10-15
40,250,19,2022-01-08
95,872,73,2023-03-28
4,443,71,2022-12-20
81,531,37,2023-03-24
77,461,97,2022-05-19
88,913,6,2022-04-16
49,115,69,2022-06-25
10,383,97,2022-04-02
7,484,86,2023-02-14
38,92,60,2022-08-24
8,667,6,2022-01-09
72,807,69,2022-10-11
63,31,21,2022-10-11
56,669,46,2022-09-22
71,655,2,2022-01-20
56,710,80,2022-11-05
85,973,76,2022-09-07
36,217,49,2023-04-19
11,337,9,2022-03-07
79,786,74,2022-02-19
76,310,69,2022-11-16
54,70,17,2022-11-16
35,95,76,2022-03-21
78,270,96,2022-09-24
53,822,58,2022-05-21
90,203,67,2022-03-06
44,697,79,2022-08-05
52,765,2,2023-01-21
12,28,3,2023-03-19
73,795,24,2022-11-07
89,626,61,2022-01-06
68,906,82,2023-01-04
30,696,99,2022-11-30
79,266,45,2022-08-29
43,651,66,2022-05-06
77,52,55,2022-01-08
7,836,92,2022-10-27
35,640,39,2022-08-10
72,121,40,2022-01-13
88,170,11,2023-01-11
22,963,17,2022-08-12
89,333,2,2023-03-18
34,911,19,2022-02-17
14,738,10,2023-01-11
92,977,79,2022-10-18
22,494,80,2022-03-01
27,284,93,2022-08-14
33,230,92,2022-09-03
49,957,59,2022-05-15
37,335,13,2023-02-17
51,33,2,2022-10-19
24,576,96,2022-10-11
68,740,14,2022-07-03
26,504,37,2022-07-22
43,724,70,2022-03-04
66,11,3,2022-03-26
9,641,82,2023-03-31
84,38,98,2022-12-02
67,448,7,2022-11-15
59,499,53,2022-09-22
95,852,63,2022-05-20
7,195,41,2023-04-10
18,189,100,2022-08-19
74,850,98,2022-02-22
28,405,65,2023-02-07
55,908,84,2022-05-05
92,903,60,2022-07-18
64,774,1,2022-08-08
21,672,23,2022-03-13
8,140,13,2022-05-18
25,138,99,2022-03-30
70,331,97,2022-02-15
63,498,10,2022-11-16
6,811,82,2022-08-31
40,147,4,2022-09-17
37,307,32,2023-03-13
52,166,99,2022-05-25
74,357,16,2022-04-04
12,748,37,2022-08-01
18,827,20,2022-06-23
29,621,44,2022-10-17
93,393,95,2022-02-25
6,302,19,2023-01-15
52,978,29,2022-12-22
37,270,56,2022-11-26
43,445,97,2022-01-04
24,861,78,2022-05-03
93,37,24,2023-04-13
79,498,44,2022-04-24
98,814,36,2022-10-01
74,705,40,2022-11-26
33,82,91,2022-06-05
33,988,42,2022-01-12
88,325,72,2022-02-13
62,11,49,2023-01-12
63,959,98,2022-01-29
7,881,33,2022-02-06
19,618,1,2022-09-08
27,101,93,2022-04-11
55,560,55,2022-07-02
44,725,72,2023-02-08
49,715,35,2022-06-14
30,848,1,2022-08-04
70,849,32,2022-03-04
32,157,37,2023-02-21
3,799,84,2023-01-13
7,109,24,2022-02-06
3,704,19,2022-10-16
74,987,92,2022-10-24
80,706,74,2022-02-12
67,19,37,2022-08-08
79,327,2,2022-12-25
67,225,34,2022-03-15
96,772,9,2022-10-15
95,459,85,2022-07-19
87,124,6,2022-05-18
3,540,34,2022-01-13
28,608,1,2022-05-18
10,212,81,2022-07-31
69,696,89,2022-04-21
9,950,83,2022-05-20
78,593,54,2022-12-15
4,664,91,2022-11-15
60,367,73,2022-03-07
6,519,24,2022-10-05
26,616,37,2022-11-12
61,49,11,2022-01-29
80,820,24,2022-08-03
42,651,79,2022-07-29
74,804,74,2022-07-31
66,630,11,2022-11-14
45,20,51,2022-02-22
31,122,70,2022-01-02
52,933,27,2022-12-07
45,994,3,2022-03-09
66,712,81,2023-03-04
87,810,7,2022-05-26
40,831,2,2023-01-29
100,685,84,2022-11-19
17,668,48,2022-12-02
92,943,94,2022-02-08
35,687,88,2022-03-04
33,724,91,2023-01-20
14,745,8,2022-09-18
31,226,96,2022-09-21
68,660,3,2023-04-04
72,933,75,2022-09-15
51,271,60,2023-01-28
12,829,91,2022-02-18
24,243,6,2022-01-17
52,133,18,2022-10-28
85,655,60,2023-03-21
35,933,7,2022-11-12
54,231,84,2022-02-10
92,277,6,2022-02-19
87,678,78,2022-04-11
72,383,85,2022-02-27
85,440,43,2022-05-14
97,485,54,2022-08-18
47,73,4,2022-08-28
33,402,88,2022-01-06
70,106,85,2023-02-28
81,992,6,2022-12-28
54,138,83,2022-07-26
68,939,1,2022-08-23
67,234,76,2022-01-24
24,977,54,2023-01-24
36,162,63,2022-11-18
76,314,6,2022-07-29
85,299,39,2022-07-13
94,535,89,2022-07-09
17,878,35,2022-08-07
12,383,93,2023-01-06
63,678,69,2023-04-03
50,522,23,2022-08-08
18,255,42,2022-07-31
13,425,26,2022-08-18
92,276,21,2022-03-15
71,768,32,2022-07-30
74,146,53,2022-08-14
12,502,62,2023-01-11
86,193,84,2022-01-16
23,171,67,2022-01-05
84,878,43,2022-01-27
82,33,50,2023-02-09
5,233,98,2022-05-11
17,994,84,2022-12-13
5,686,23,2022-07-27
52,789,73,2023-03-18
98,413,57,2023-01-17
6,742,34,2023-03-28
34,824,15,2022-10-25
18,389,64,2023-01-30
65,471,1,2023-02-22
5,850,16,2022-11-28
52,396,54,2022-06-18
57,841,73,2022-09-14
53,332,33,2022-07-03
31,594,34,2022-05-01
7,502,50,2022-06-24
46,368,92,2022-07-30
98,494,68,2022-07-01
66,230,93,2022-03-27
72,606,34,2023-02-24
87,951,83,2022-07-22
72,5,31,2023-04-17
24,345,85,2023-04-12
45,244,8,2022-07-22
88,470,41,2022-10-18
72,163,87,2022-03-31
83,912,29,2022-12-05
34,990,84,2023-02-24
46,349,32,2022-01-23
93,647,46,2022-02-23
88,825,54,2022-02-13
68,758,43,2022-03-02
24,822,78,2022-05-25
61,579,6,2022-09-28
54,435,71,2023-01-09
26,102,89,2022-08-22
95,602,58,2022-08-21
60,460,79,2022-12-07
95,405,25,2022-09-09
83,467,41,2022-08-30
77,530,40,2022-06-29
51,725,77,2022-03-06
15,756,93,2022-01-13
32,878,98,2023-01-31
33,651,46,2022-08-12
26,454,94,2022-11-16
60,610,71,2022-09-24
55,1000,39,2022-11-17
20,200,10,2023-01-24
27,919,45,2022-10-15
38,637,92,2022-03-28
94,207,77,2022-02-04
21,459,83,2022-08-04
80,843,11,2023-04-12
48,535,5,2022-11-12
4,709,65,2022-12-25
51,376,58,2022-05-10
16,581,91,2022-05-18
17,276,40,2023-03-11
51,96,30,2023-02-07
10,955,26,2022-01-06
16,791,22,2022-12-19
42,295,89,2022-11-12
87,632,73,2023-04-03
74,176,25,2022-07-20
73,946,20,2023-01-17
84,588,29,2023-03-24
19,703,76,2022-11-08
37,533,62,2022-08-28
35,639,11,2022-02-28
1,611,80,2023-01-03
14,427,45,2023-03-26
37,453,21,2022-12-22
51,997,92,2023-02-25
92,840,91,2022-11-23
17,451,26,2022-05-25
68,226,63,2022-07-02
47,88,51,2022-08-22
11,869,1,2022-07-22
88,348,40,2022-06-22
92,111,27,2023-04-11
30,321,23,2022-09-28
52,424,15,2023-03-06
16,206,38,2022-01-04
58,178,66,2022-10-31
46,220,16,2022-05-19
89,758,16,2022-06-09
68,206,8,2022-07-16
18,944,2,2022-01-29
46,398,87,2023-02-10
73,96,42,2022-01-06
75,215,77,2022-02-06
12,860,72,2022-06-04
75,255,60,2022-10-07
93,596,92,2022-11-16
34,488,59,2022-08-02
64,589,7,2022-09-22
34,109,93,2022-11-08
9,81,59,2022-09-20
7,831,19,2022-01-07
15,273,29,2022-02-04
47,644,66,2022-02-05
30,865,75,2022-12-03
24,988,22,2022-02-10
24,442,94,2022-01-23
4,923,94,2022-09-19
17,580,16,2022-03-06
20,776,96,2022-11-17
25,735,90,2023-01-23
74,581,13,2022-03-04
46,157,28,2022-02-09
43,702,81,2022-04-16
60,25,2,2022-07-08
61,734,84,2022-10-23
42,828,82,2022-08-15
12,684,90,2023-02-13
57,38,14,2022-11-19
57,649,6,2022-10-23
64,158,60,2022-12-01
21,28,61,2022-08-24
56,194,33,2022-04-15
42,965,30,2022-08-01
49,165,87,2022-06-11
68,2,85,2022-06-20
97,774,56,2022-02-02
76,946,91,2022-01-03
66,298,34,2022-12-11
79,87,31,2022-12-15
61,682,41,2022-08-12
53,17,71,2022-03-13
96,85,52,2022-07-21
85,81,26,2022-08-14
32,703,89,2023-01-18
7,139,95,2022-08-24
45,12,56,2022-04-26
52,241,35,2022-04-03
96,494,63,2022-03-10
48,89,65,2022-07-08
38,41,51,2022-06-01
35,93,41,2022-10-30
17,682,72,2022-01-03
6,884,84,2022-12-07
2,496,74,2022-02-19
34,922,51,2023-04-08
90,220,64,2022-06-06
68,787,93,2022-04-05
38,452,10,2022-10-10
59,877,73,2023-02-02
63,293,60,2022-06-10
86,305,44,2023-01-13
35,658,98,2022-12-25
10,298,99,2022-04-12
25,786,93,2022-05-04
25,573,76,2023-04-10
20,837,19,2022-10-02
33,907,29,2022-03-23
8,949,71,2022-05-06
35,962,60,2022-01-20
21,618,17,2023-03-19
14,852,53,2022-02-19
76,589,65,2022-09-03
47,871,54,2022-08-31
45,617,96,2022-06-14
98,854,95,2022-10-17
14,245,78,2022-05-30
6,565,14,2022-09-15
71,289,79,2022-05-12
79,303,47,2022-04-07
62,180,82,2022-12-31
35,111,79,2022-11-27
76,279,26,2022-10-31
64,554,54,2023-01-17
83,820,72,2022-12-21
72,876,11,2022-05-22
90,553,38,2023-03-09
3,698,25,2022-01-31
58,566,21,2022-07-07
100,712,52,2022-11-25
30,888,19,2022-04-27
73,580,71,2022-03-01
10,416,84,2022-09-07
47,848,41,2022-11-10
27,39,17,2023-02-10
89,525,50,2023-01-23
18,808,89,2023-03-04
25,192,29,2022-10-15
9,789,45,2022-01-10
10,596,53,2022-08-10
23,330,5,2022-09-21
5,671,8,2023-02-20
76,857,47,2022-04-15
54,446,32,2022-01-04
42,490,36,2022-10-07
94,734,15,2022-03-08
63,912,54,2023-01-28
95,647,8,2023-03-26
59,107,11,2022-04-24
83,601,54,2022-11-28
79,401,60,2022-12-11
63,586,62,2022-11-05
95,392,46,2022-05-31
99,844,13,2023-03-30
7,577,90,2022-12-18
66,287,23,2023-04-08
98,935,42,2022-09-03
52,324,27,2023-04-14
99,977,53,2022-10-02
70,312,90,2022-02-05
4,550,91,2023-04-12
44,516,52,2022-08-11
18,941,11,2022-07-02
40,74,14,2022-12-28
85,427,48,2022-05-17
28,535,60,2022-05-13
54,175,54,2022-08-23
86,881,88,2022-01-04
9,957,33,2022-08-31
76,297,82,2022-05-11
77,281,49,2022-02-20
90,290,26,2023-04-13
37,18,89,2022-03-19
98,504,3,2022-04-06
30,389,23,2022-04-19
70,32,6,2022-01-13
85,216,62,2023-01-18
83,4,43,2022-05-30
89,832,40,2022-07-23
96,95,7,2023-02-01
53,143,21,2023-02-13
28,493,38,2022-02-08
24,421,55,2022-03-07
49,95,48,2022-01-15
14,867,7,2022-07-25
60,883,83,2022-11-07
66,397,100,2023-01-14
17,202,80,2022-09-30
19,690,76,2023-01-30
26,727,59,2022-01-19
33,331,75,2023-04-10
87,208,100,2022-03-10
56,693,21,2022-07-12
90,950,3,2022-11-26
24,302,91,2022-04-19
87,418,69,2022-02-06
3,902,33,2023-03-22
35,444,74,2022-08-02
79,108,88,2022-01-23
58,956,9,2022-04-04
1,31,6,2022-06-24
35,581,25,2023-01-30
43,109,77,2022-04-05
34,795,98,2022-09-04
13,349,53,2022-11-26
93,833,27,2022-05-30
49,296,80,2022-05-15
37,723,53,2023-02-07
13,923,2,2022-01-15
80,740,85,2022-09-22
24,320,87,2023-02-21
89,386,2,2022-10-10
8,400,19,2022-11-07
68,387,75,2022-05-24
64,256,33,2022-01-09
100,628,56,2022-05-21
10,308,92,2023-03-29
6,131,34,2023-03-04
2,83,41,2022-12-16
88,231,88,2023-03-09
6,948,66,2022-12-27
64,136,1,2022-01-13
45,925,31,2023-04-08
67,98,81,2022-11-08
21,185,32,2022-07-01
7,26,46,2022-05-23
93,120,45,2022-07-08
50,949,10,2022-05-30
29,654,77,2022-02-13
8,925,94,2022-05-03
86,605,72,2022-06-17
50,957,76,2023-03-10
21,714,33,2022-12-10
44,625,3,2022-03-24
7,467,77,2022-09-30
89,287,74,2022-01-01
16,59,61,2022-11-05
63,865,61,2023-04-04
49,912,35,2022-05-11
49,466,56,2022-01-03
55,75,78,2022-09-05
96,77,32,2022-08-17
14,258,55,2023-04-12
55,488,6,2022-09-08
72,83,46,2022-01-27
85,819,32,2023-01-14
11,197,33,2022-10-07
36,738,58,2022-08-31
38,68,79,2023-03-27
9,46,50,2023-03-12
32,654,97,2022-09-27
74,395,49,2022-04-15
92,19,77,2022-09-02
92,124,49,2022-12-21
17,955,74,2022-03-26
31,68,87,2022-11-28
30,164,42,2023-04-14
14,991,55,2022-04-07
67,957,37,2022-09-15
71,7,32,2023-02-07
91,994,62,2022-05-24
55,73,65,2022-02-15
43,265,21,2022-08-03
22,173,3,2022-09-18
50,916,19,2022-06-03
90,850,58,2022-08-18
5,106,76,2022-05-25
47,898,61,2022-06-29
75,54,99,2023-02-11
65,457,63,2022-09-30
70,935,14,2023-04-15
16,399,8,2022-02-14
13,441,70,2022-05-30
52,928,71,2023-04-07
23,811,94,2022-01-01
88,270,25,2022-01-25
33,213,42,2022-08-21
73,923,31,2022-08-06
97,546,1,2023-03-30
53,356,85,2022-10-08
85,145,39,2022-02-15
33,767,10,2022-06-22
59,325,88,2022-01-09
57,257,46,2022-01-09
73,286,28,2022-12-30
69,10,33,2022-08-31
36,812,2,2022-02-21
28,459,45,2023-04-03
78,798,40,2022-09-27
70,653,78,2022-03-22
76,110,55,2023-02-26
43,41,10,2022-10-09
5,75,40,2022-10-10
46,217,62,2022-03-25
73,248,81,2023-01-08
75,630,16,2022-06-14
28,375,64,2023-01-25
4,746,61,2022-01-06
72,225,88,2022-06-10
2,886,58,2022-10-29
61,208,31,2022-09-16
91,803,37,2022-12-11
92,800,92,2022-02-20
49,953,40,2022-11-29
26,930,23,2022-05-19
29,804,14,2023-04-15
27,777,84,2022-05-11
65,639,43,2022-11-05
86,620,53,2022-06-10
71,401,94,2022-10-16
49,690,56,2022-12-28
13,462,46,2022-04-04
38,465,21,2022-07-22
99,936,40,2023-04-02
68,377,54,2022-04-15
17,577,93,2023-01-29
64,281,34,2022-04-21
73,847,5,2022-09-12
44,257,47,2022-12-11
45,160,77,2022-12-20
64,723,65,2022-05-12
94,699,49,2022-06-18
16,205,50,2022-11-09
54,175,37,2022-03-30
53,436,20,2023-02-25
82,330,29,2022-06-26
66,146,69,2022-08-21
29,678,60,2022-10-08
82,405,98,2022-08-31
77,821,47,2022-07-23
43,748,2,2023-02-12
22,732,91,2022-10-12
96,511,72,2022-08-03
23,493,87,2022-09-29
63,944,73,2023-02-18
52,830,55,2022-01-31
83,118,3,2022-06-17
100,308,12,2022-01-12
91,534,24,2023-02-26
65,387,50,2022-05-27
52,536,87,2022-08-13
38,56,21,2022-01-29
11,975,83,2022-10-19
36,588,4,2023-03-04
56,109,69,2023-02-14
83,758,59,2022-11-04
64,276,75,2023-01-30
4,459,26,2022-02-04
25,244,42,2022-07-08
61,480,44,2022-11-30
40,300,80,2022-07-15
52,185,70,2022-10-18
100,69,53,2022-12-11
36,772,25,2022-10-28
19,118,52,2022-10-19
60,675,1,2022-05-07
8,706,6,2022-02-17
8,113,2,2022-03-04
27,541,82,2022-08-14
29,291,52,2022-02-12
66,382,7,2022-03-22
9,132,56,2022-05-27
73,976,33,2022-12-30
25,644,15,2022-03-17
62,972,24,2023-02-10
89,917,25,2022-08-17
96,633,56,2022-01-11
69,251,9,2022-11-02
18,908,4,2022-04-20
23,888,51,2022-08-09
24,260,9,2022-06-04
95,918,51,2022-05-28
73,463,42,2022-11-19
44,51,86,2023-03-02
46,163,3,2022-06-01
5,900,16,2023-01-10
69,274,97,2022-01-05
73,648,85,2022-06-19
31,589,33,2023-01-26
21,748,76,2022-12-28
41,127,74,2022-12-17
31,408,96,2022-05-09
51,493,4,2022-07-27
45,940,41,2022-01-12
15,96,53,2022-01-15
3,864,82,2022-03-24
74,558,15,2022-08-22
23,109,71,2022-12-20
19,809,32,2023-02-13
78,789,75,2023-03-27
15,49,94,2023-04-11
57,951,61,2022-10-28
43,660,86,2022-08-15
92,558,70,2022-08-29
94,250,72,2022-02-03
55,198,38,2022-04-11
91,534,70,2022-10-30
12,869,52,2022-08-31
85,251,99,2022-06-20
67,317,41,2022-07-10
26,964,49,2022-04-24
29,169,42,2022-01-17
73,812,74,2022-03-25
61,697,15,2022-09-09
96,945,32,2023-03-12
92,355,27,2023-01-13
74,624,26,2023-03-11
22,254,81,2022-04-07
30,973,68,2022-09-27
68,40,27,2022-04-01
69,699,61,2022-05-24
52,356,12,2022-07-22
43,885,88,2022-05-05
56,9,4,2022-12-19
83,129,79,2022-07-23
89,854,68,2023-01-01
29,210,84,2022-08-26
3,858,80,2022-12-01
55,732,1,2022-11-09
39,659,61,2022-05-17
10,400,10,2022-12-02
85,235,15,2022-12-23
36,537,27,2022-01-17
29,995,13,2022-10-25
32,946,12,2023-02-10
47,741,14,2022-04-10
89,897,74,2023-04-05
13,79,75,2022-05-18
75,181,59,2022-03-05
56,541,70,2022-05-16
91,283,40,2022-10-14
65,410,77,2022-09-28
22,372,36,2022-09-08
24,907,64,2023-01-27
17,654,36,2023-01-10
61,270,89,2022-12-29
14,964,45,2022-05-07
46,366,81,2022-08-02
83,30,53,2023-01-11
82,573,79,2022-01-13
100,609,30,2023-01-30
62,493,13,2022-07-13
90,246,40,2022-02-14
78,297,66,2022-06-23
61,796,71,2023-02-24
36,20,68,2022-11-03
84,872,69,2022-12-11
17,68,44,2022-02-26
25,162,41,2022-03-13
63,972,88,2022-03-09
61,172,84,2023-04-01
79,632,57,2023-01-09
53,412,68,2022-05-06
21,802,24,2022-12-22
95,138,19,2022-08-24
57,599,18,2022-03-21
49,970,25,2023-01-23
45,314,12,2022-08-24
53,1,28,2022-07-15
2,267,21,2022-11-14
98,388,62,2023-01-08
14,828,24,2023-01-23
34,325,94,2023-01-12
14,643,11,2022-08-06
4,767,32,2023-01-31
7,468,88,2022-07-15
21,507,45,2022-05-15
19,468,17,2022-01-13
15,220,19,2023-04-15
25,550,64,2022-02-07
62,756,46,2022-11-24
77,639,44,2023-01-28
54,582,50,2022-11-25
11,353,17,2022-12-28
44,562,58,2022-12-06
93,997,75,2022-07-10
95,755,77,2023-04-13
71,193,73,2022-06-21
85,631,30,2022-12-15
21,761,67,2023-02-05
37,22,33,2022-08-27
37,887,78,2023-02-25
86,82,79,2022-12-01
71,245,95,2022-02-17
15,439,13,2023-03-16
89,947,17,2022-07-23
94,20,50,2022-12-11
56,139,23,2022-03-11
2,924,8,2022-03-12
61,221,37,2022-11-10
13,487,86,2022-10-05
10,854,73,2023-04-10
93,925,59,2022-10-23
6,108,71,2022-02-20
62,997,30,2022-10-09
77,468,20,2022-08-23
22,290,58,2023-03-02
74,522,97,2022-01-23
12,558,2,2023-02-17
73,553,85,2022-02-18
9,974,18,2022-10-21
6,739,83,2022-05-29
70,653,59,2023-01-09
19,525,32,2023-02-22
11,745,55,2023-01-06
84,398,78,2023-01-24
52,36,15,2022-08-16
40,913,46,2022-03-01
79,685,32,2022-09-27
55,253,62,2023-02-19
8,846,22,2023-04-17
78,327,13,2022-02-05
15,541,33,2022-02-06
87,575,65,2023-02-25
97,573,21,2022-03-10
51,278,45,2022-05-20
9,164,3,2022-01-02
37,327,64,2023-03-03
54,217,44,2022-01-12
74,898,58,2022-05-08
81,340,33,2022-02-21
33,773,4,2022-01-04
91,563,39,2022-02-16
20,156,10,2022-06-23
28,182,53,2022-04-28
31,855,56,2022-02-23
90,971,35,2022-08-17
41,972,26,2022-08-07
79,985,45,2023-01-15
51,460,8,2023-02-07
17,628,61,2022-03-01
60,66,42,2022-05-19
22,617,11,2022-09-03
24,986,86,2022-11-25
19,227,97,2023-01-24
36,280,93,2022-07-06
97,447,78,2022-09-30
56,695,50,2022-10-29
33,103,88,2023-02-06
16,61,64,2022-04-11
18,713,2,2022-03-28
76,496,85,2023-01-14
70,572,7,2023-04-09
13,540,30,2022-04-24
23,400,32,2022-11-12
19,817,77,2022-11-15
46,906,17,2022-12-04
96,164,21,2023-04-02
25,778,64,2022-09-15
91,290,39,2022-06-15
27,337,88,2022-03-19
38,672,22,2023-03-30
10,1000,64,2022-06-01
71,840,83,2023-01-01
42,965,74,2022-10-24
22,943,84,2022-01-15
10,657,46,2022-07-22
28,693,19,2022-01-24
84,756,70,2022-09-17
9,944,10,2023-02-05
43,167,19,2022-04-10
19,961,73,2023-01-03
36,290,53,2022-06-21
50,365,12,2022-10-25
68,922,27,2023-04-10
81,59,71,2022-09-24
63,533,34,2022-12-07
76,725,70,2022-04-02
52,571,14,2022-12-13
34,592,29,2022-07-23
46,995,38,2022-02-16
94,752,3,2022-09-18
31,848,24,2023-01-22
82,178,40,2022-10-27
9,718,14,2022-04-16
29,118,67,2023-02-09
6,93,52,2023-01-29
1,824,59,2022-05-17
29,171,82,2022-02-10
25,979,21,2022-10-18
11,13,13,2022-11-24
35,848,43,2022-03-20
84,659,51,2022-10-21
56,341,94,2022-12-05
30,47,11,2022-09-13
92,50,92,2022-01-23
25,574,39,2023-02-26
37,783,13,2022-01-19
13,104,15,2023-02-07
80,12,68,2022-11-03
77,786,83,2022-10-01
68,699,28,2022-12-26
44,334,41,2023-01-02
31,551,51,2022-11-03
39,767,66,2023-02-22
43,349,85,2022-03-17
23,23,6,2022-06-17
33,721,50,2022-04-26
70,562,77,2023-02-24
18,692,38,2023-01-01
35,250,86,2022-01-29
15,28,28,2023-04-06
8,591,46,2022-10-27
3,269,89,2022-04-14
98,964,60,2022-02-10
93,533,68,2023-01-12
34,191,43,2022-03-18
30,33,42,2023-02-13
30,476,25,2022-09-08
9,194,22,2022-04-27
4,373,85,2022-11-17
92,522,79,2022-04-24
62,496,42,2022-12-29
33,781,49,2022-08-26
91,598,49,2023-03-11
20,698,41,2022-04-30
76,593,70,2022-03-12
32,277,87,2022-01-21
39,894,26,2022-05-04
79,489,59,2022-11-09
97,423,28,2022-01-05
56,398,83,2022-09-28
85,190,9,2022-08-06
18,23,7,2022-11-07
5,239,47,2022-10-24
80,944,85,2022-01-02
45,509,28,2022-08-13
30,609,25,2022-04-23
36,672,31,2022-02-03
6,975,80,2022-10-02
3,696,78,2022-09-24
49,826,74,2022-10-01
84,55,13,2022-07-11
48,72,85,2022-03-19
65,790,47,2022-03-04
53,188,77,2022-08-27
40,805,100,2022-06-30
14,839,33,2022-07-13
77,556,59,2022-07-12
73,139,26,2022-11-01
78,801,71,2023-03-05
10,649,12,2022-04-12
56,541,78,2022-10-28
22,997,51,2022-04-16
52,902,41,2022-11-13
2,506,36,2022-10-06
99,312,68,2022-02-19
74,115,49,2022-05-05
97,657,34,2023-04-03
95,575,81,2022-07-11
72,745,73,2022-03-31
3,734,26,2022-01-27
57,308,47,2023-04-17
37,996,64,2023-02-01
80,74,21,2022-06-20
78,814,17,2022-07-05
72,656,38,2022-09-22
27,379,15,2022-12-14
31,825,89,2022-11-14
57,27,51,2022-01-21
78,993,45,2022-11-01
9,167,46,2023-02-14
53,785,25,2023-04-06
54,615,5,2022-02-09
59,444,46,2022-10-02
56,779,83,2022-03-12
61,113,37,2023-02-09
52,721,22,2022-07-01
72,834,90,2022-09-27
8,242,50,2023-04-03
38,808,90,2023-04-06
72,204,76,2022-09-19
23,497,23,2022-08-23
28,617,11,2023-03-29
40,923,79,2022-03-17
49,479,51,2022-01-29
100,723,95,2022-04-14
60,20,72,2023-01-04
78,821,81,2022-11-16
43,406,96,2022-01-29
61,156,52,2022-09-02
64,688,18,2022-11-10
45,302,53,2022-06-26
78,40,76,2022-06-13
67,383,25,2022-05-31
33,679,91,2022-07-09
95,312,50,2023-02-20
27,718,24,2022-05-29
75,98,35,2022-11-06
11,557,47,2022-02-27
22,464,36,2022-04-02
18,579,41,2022-09-01
52,325,21,2023-02-05
45,648,42,2022-07-04
45,663,15,2022-12-07
71,773,26,2022-02-21
69,635,87,2022-12-29
87,113,38,2022-11-13
69,155,12,2022-10-01
6,715,30,2022-07-19
47,649,14,2023-02-21
51,314,27,2022-04-14
24,930,19,2023-02-15
87,612,18,2022-06-05
45,465,33,2022-07-17
42,283,31,2022-11-06
11,953,8,2022-07-26
46,518,35,2022-04-13
54,750,48,2022-09-12
47,843,9,2022-06-24
6,390,37,2023-02-21
2,594,6,2023-03-02
83,575,38,2022-09-22
87,173,52,2022-11-16
22,708,87,2023-01-14
86,643,47,2023-02-16
51,519,63,2022-01-26
57,891,40,2022-05-25
2,759,79,2023-04-09
92,991,77,2022-01-02
54,486,28,2022-07-20
50,84,38,2022-08-19
19,646,78,2022-02-01
31,285,36,2022-05-21
55,56,63,2022-11-20
42,799,43,2022-07-28
50,243,41,2022-04-04
45,730,63,2022-01-21
3,640,59,2022-06-15
21,447,84,2022-12-03
71,194,81,2022-10-18
41,628,82,2023-03-25
34,138,31,2022-07-15
11,12,69,2022-10-15
16,141,17,2023-03-04
38,277,54,2023-03-19
14,385,82,2022-12-03
21,728,88,2022-04-29
94,917,58,2022-01-04
76,596,79,2022-01-17
49,105,98,2022-09-24
29,581,93,2023-03-26
62,744,89,2022-07-22
29,34,24,2022-02-02
19,350,4,2022-06-08
84,374,38,2022-08-12
78,194,54,2022-02-26
59,402,11,2023-03-21
50,797,15,2022-03-03
56,642,72,2022-08-09
16,259,66,2022-03-10
63,501,9,2023-03-11
30,462,46,2022-03-26
26,781,81,2023-04-12
39,864,57,2022-01-27
44,908,6,2022-12-17
19,342,4,2022-08-04
74,73,42,2022-06-30
82,705,59,2022-01-17
4,142,11,2022-05-28
54,348,18,2022-08-22
76,586,62,2023-04-12
67,848,78,2022-08-24
19,57,65,2022-11-16
92,192,37,2022-07-15
57,56,23,2023-02-07
22,442,62,2022-02-18
24,176,26,2022-09-26
69,688,84,2022-07-20
33,850,86,2022-01-16
57,73,3,2022-04-04
71,956,42,2022-08-31
7,865,55,2023-04-16
88,635,43,2022-05-13
38,536,60,2022-12-24
100,708,99,2023-01-29
86,665,97,2022-10-03
10,145,56,2022-01-20
31,351,20,2022-05-11
53,391,92,2022-09-07
79,327,25,2022-12-05
46,185,22,2023-01-10
10,150,26,2023-02-24
57,599,72,2022-12-09
50,865,93,2022-05-25
11,361,45,2022-09-01
51,186,29,2022-01-11
32,90,98,2022-12-14
44,239,44,2022-04-10
50,777,91,2022-04-12
8,553,97,2022-06-17
21,237,23,2022-07-07
28,995,94,2022-04-28
53,260,81,2023-02-14
79,45,42,2022-12-28
65,14,99,2022-11-22
63,132,76,2023-03-24
13,198,93,2023-03-06
84,932,94,2022-08-11
53,583,6,2022-01-16
17,124,45,2023-04-03
16,965,19,2022-01-16
3,73,63,2022-04-26
52,878,89,2022-10-06
30,50,8,2023-03-21
64,636,12,2022-06-23
48,501,45,2022-08-26
68,899,62,2022-11-06
96,42,27,2022-03-14
8,145,84,2022-10-06
46,915,76,2022-06-11
80,320,88,2023-03-02
15,182,86,2022-09-02
85,319,31,2022-01-03
65,166,75,2023-01-08
32,556,37,2022-04-29
71,603,30,2022-10-24
6,606,82,2022-11-12
62,254,8,2022-05-10
25,164,15,2023-01-26
82,794,98,2022-03-21
96,762,50,2022-12-21
6,358,81,2022-08-19
86,223,9,2022-10-07
93,827,57,2022-12-02
74,625,32,2022-04-23
12,297,66,2022-09-29
16,738,49,2023-01-21
31,744,69,2022-10-18
64,635,33,2022-10-05
18,48,81,2022-04-09
2,261,46,2023-03-11
24,135,10,2023-03-15
90,798,26,2022-07-13
28,298,54,2022-07-29
57,934,52,2022-04-13
88,919,64,2022-11-21
65,777,48,2022-09-04
52,583,82,2022-11-24
80,822,71,2022-01-06
37,382,52,2022-02-07
45,310,56,2022-12-28
13,430,21,2023-01-31
21,940,28,2023-04-09
17,155,7,2022-08-29
66,473,91,2022-05-12
40,26,39,2022-07-03
83,895,82,2022-03-29
53,368,21,2022-09-17
60,96,43,2022-08-23
45,875,80,2022-01-27
35,437,49,2022-04-21
9,668,57,2022-10-07
23,990,11,2022-12-03
90,754,34,2022-09-17
7,737,7,2022-01-15
99,613,96,2022-09-21
37,147,97,2022-05-06
40,742,89,2022-03-15
20,168,90,2022-06-13
87,62,97,2022-06-27
72,639,61,2022-10-16
2,372,75,2022-10-28
13,486,69,2022-04-21
60,427,75,2022-04-18
66,438,60,2022-06-11
21,720,73,2022-04-10
40,775,71,2022-10-03
69,51,70,2023-04-08
81,777,82,2022-08-30
53,424,38,2022-12-27
85,359,55,2023-02-18
67,745,47,2023-02-25
49,84,69,2023-01-23
99,255,6,2022-04-03
93,860,29,2022-05-15
81,154,65,2022-11-10
20,421,41,2023-03-02
51,643,3,2022-06-06
73,112,98,2023-03-13
82,794,58,2022-02-02
96,779,43,2023-01-24
43,280,66,2022-07-23
36,838,60,2022-07-04
68,236,86,2023-04-04
34,400,59,2022-07-11
19,588,10,2023-04-14
93,239,32,2023-01-13
17,447,3,2022-07-07
10,591,95,2022-08-02
26,347,17,2022-12-14
91,722,37,2022-10-29
55,503,97,2022-06-30
